node_total_cpu_seconds,node_total_memory_bytes,node_total_read_bytes,node_total_write_bytes,node_total_receive_bytes,node_total_transmit_bytes,node_power,timestamp,node
74.19459101955306,6809756620.498665,0.0,2886247.8290052894,5414336.9290152965,5436367.300190798,1610,1589061600.0,4
74.19839533589722,6646661909.535204,0.0,3485609.88329651,5484305.686663053,5482992.734600705,1596,1589061900.0,4
74.17627256589117,2875052696.3226514,0.0,2629051.8962748577,5906991.810392277,5606186.993240533,1610,1589062200.0,4
74.3709851372239,6577004212.063066,183.6606582369294,3477553.6033226512,6161780.3326692935,5835210.05436124,1610,1589062500.0,4
74.20152146509736,6154366214.764345,0.0,3103649.117421147,5915072.29649601,5616253.46897301,1610,1589062800.0,4
74.23521992516457,3433449206.386149,0.0,2914537.9055832317,8603265.818968026,7003548.045126574,1610,1589063100.0,4
72.94529687520499,5241173473.556448,317.7592225874283,2692809.24683231,6596713.196239988,5947934.9322142275,1610,1589063400.0,4
74.19324347529317,1692037958.8755572,0.0,3003211.603128899,5625254.488387897,5569132.094952695,1610,1589063700.0,4
74.19354998273506,7936248184.121157,0.0,2879318.5279706083,5219364.640349514,5252747.768887751,1596,1589064000.0,4
74.19029338100351,6480023079.635492,0.0,3443808.355550807,5365949.716768928,5425019.54545054,1610,1589064300.0,4
74.29307673063249,5400603504.806502,0.0,3235221.568239516,6545955.950155194,5902834.138650158,1610,1589064600.0,4
74.19692263096705,6579920935.524157,0.0,3355152.5293952995,5599791.6987627335,5524235.255226463,1610,1589064900.0,4
74.65516862900198,8725749907.356277,960207492.9698046,3135323.837971448,6500535.231555527,6594149.939562429,1610,1589065200.0,4
74.90959560256236,9111755736.819036,286420745.8985715,3498484.892968436,5699408.361332165,5846957.023970441,1610,1589065500.0,4
74.20548514729253,4500856779.792711,0.0,2405172.423939124,6130536.942199347,6883840.096747343,1610,1589065800.0,4
74.2075596286636,4315448735.4719305,320613.0669413281,3481536.1964846915,5520004.221785601,5528570.004727738,1610,1589066100.0,4
74.18280322570604,4816163267.238346,0.0,3241037.75716946,6545505.517160612,5935389.260869668,1610,1589066400.0,4
72.69517865085881,6096530524.588578,0.0,3307528.4581566383,5436932.625954325,5490175.983882456,1610,1589066700.0,4
72.32398701754757,5965556769.456778,331.67546742016464,2586253.830971965,5766588.850849989,5543907.587656295,1582,1589067000.0,4
74.19708011027532,4082682166.571311,16.718845028225296,3326508.4603694933,5497782.697368973,5490279.742016248,1610,1589067300.0,4
74.75146332041706,6097689542.8641205,0.0,3153413.1558059705,6528938.334664632,5901033.234463433,1610,1589067600.0,4
74.21175512680605,927241070.4515797,52.357314812842205,3616391.5818136483,6280477.062933007,5892901.478534683,1610,1589067900.0,4
74.20353334260815,8611746919.23967,49.93031373042995,2962301.498417271,5825560.422555089,5581182.451661146,1610,1589068200.0,4
74.52080235513623,1815494512.2757406,0.0,3571996.16549968,6422207.03284089,6595032.8445503665,1610,1589068500.0,4
74.19765895413407,4402022580.851076,17.40712094039251,2961271.509134996,5223521.586793308,5312264.629985673,1610,1589068800.0,4
74.2126746431343,7680623322.766941,33.33075649262142,3422075.104204962,5941785.644366814,5697401.496855527,1610,1589069100.0,4
74.17791418102853,3196377048.6310673,0.0,2567322.838658624,5725706.680873995,5521556.269866622,1610,1589069400.0,4
74.76289258452665,3117214459.147831,0.0,2977907.8637941517,5434748.059414418,5484904.527046996,1582,1589069700.0,4
74.19199491198991,7214301383.324099,0.0,2841131.923456088,5269357.094037543,5311246.394584289,1596,1589070000.0,4
71.24459829791165,5922049310.453004,17.444559435436815,3440846.1686677146,5386294.342638492,5447087.3833686365,1596,1589070300.0,4
73.11008146325352,2977538061.8166785,53196145.09577087,2508856.494365856,6609725.559300128,7136133.364093154,1610,1589070600.0,4
74.6301077037145,5877865539.825263,822567223.3933178,3400476.1117710886,6461696.084046255,6655355.915605962,1610,1589070900.0,4
74.20648298495996,3555475551.068001,0.0,3134868.447964825,6052225.136382982,5658734.850904953,1610,1589071200.0,4
72.76077007522541,5705692732.890334,17.391378190294628,2979274.208585917,5471966.879753736,5496778.074327425,1596,1589071500.0,4
74.78061434456752,6751006765.561243,16.72519395671703,3033259.4527332773,5964357.8124402985,5666179.459848228,1610,1589071800.0,4
74.21618440841539,6006027872.408811,0.0,3502921.10204391,5587962.813599405,5561163.102935567,1610,1589072100.0,4
72.81849326128287,5331572565.082689,0.0,2528853.0771323605,5434503.673777486,5377241.64710638,1610,1589072400.0,4
74.81956909215398,7491310859.168444,0.0,3385824.3510617767,8595816.080021665,7052717.520249315,1610,1589072700.0,4
74.2173256095565,4582309209.212893,0.0,3012391.7841787436,5406293.216121616,5371777.322484489,1610,1589073000.0,4
74.22526056171009,6025642527.105362,0.0,3342834.0190959424,5474602.469583598,5484918.391713857,1610,1589073300.0,4
74.23662788333031,5514661167.167674,16.725672028191905,3155892.735080044,7274288.680662737,7361889.968971088,1610,1589073600.0,4
73.27771213909409,9432583820.940048,0.0,3032586.43088435,5544795.526495694,5547713.522593552,1610,1589073900.0,4
74.22547994736831,5055516649.359276,333.24383913825227,2838668.935009223,5272260.561865905,5302055.073408028,1610,1589074200.0,4
74.23051472237367,5787057045.097176,0.0,3327341.6197557095,5456798.587532195,5504566.235828126,1610,1589074500.0,4
74.80934833983629,4603872381.250097,0.0,2500991.2609583754,5328283.379142915,5360385.773689745,1610,1589074800.0,4
74.23734824519367,1695308518.2822948,0.0,3414922.692911794,5840957.598391903,5619470.075854771,1610,1589075100.0,4
73.50396956613945,6610431824.103222,1509194877.541468,2970905.7107075183,7672078.907952221,8840576.913389053,1610,1589075400.0,4
74.23211067688398,6959745109.927647,0.0,3551699.1122828913,5791802.433922158,5622008.484690936,1610,1589075700.0,4
73.460645656961,7950812145.256491,38449.26439083554,2876567.0907441927,5457041.315196573,5533109.764910132,1610,1589076000.0,4
74.22296744891756,7366747169.654625,4684.980890278727,2983846.3950335523,5413828.401415928,5457593.618239962,1610,1589076300.0,4
74.21613255697359,6480277071.9935255,116.65669844292276,2374047.9822269883,5275262.951905964,5309885.2002434665,1610,1589076600.0,4
74.78897824905728,5134707367.195782,321.6621042840925,2942605.998790528,5822147.448837504,5653434.738784472,1610,1589076900.0,4
72.31653140045077,2384286719.2472696,314.18672734943294,2980554.946900118,8323371.862499787,6815547.649632223,1610,1589077200.0,4
74.89128894778284,7099985298.134352,1433248442.9417427,5766201.14996166,6350435.010691778,7015624.274678205,1610,1589077500.0,4
74.22196689326782,7106638922.4232,317.78128036978666,3029492.083570016,5942410.8711392265,5623229.3272900535,1610,1589077800.0,4
75.4882994987302,9742870729.463488,1839419793.3286586,3075587.605108681,6710352.898267816,7511744.383715514,1610,1589078100.0,4
74.46999523662106,6302232009.14061,691278721.0831968,2968865.4655472334,6060006.015383289,6165997.017746298,1610,1589078400.0,4
74.22172396667204,7014267107.860554,0.0,3458105.899342576,5492953.94280252,5487441.3970163865,1610,1589078700.0,4
74.76348546161002,5186464619.910635,0.0,3038569.3336210125,5565111.300395497,5466044.899854063,1610,1589079000.0,4
74.19824623081419,5182351604.377935,16.689688331479378,2918564.50184451,5635074.694739924,5550123.142026966,1610,1589079300.0,4
74.20422145676555,6937244451.937212,0.0,3140121.413522655,6018996.321110822,5618452.8220114745,1610,1589079600.0,4
74.21660708462778,6546096190.743812,52.25200707579263,3594138.090826045,6052688.075201368,5742998.133735356,1610,1589079900.0,4
74.7235387927455,6035325883.629862,50.15981092102524,2610711.718289811,6876599.130878293,7226863.047276602,1610,1589080200.0,4
74.2776080165571,10209459407.158176,87.01822368952169,3633781.19757364,10351318.754530797,9112120.732973702,1610,1589080500.0,4
74.82519515180458,11655980965.16469,1487053448.2731712,2646258.1116707,8934606.121474348,7135121.308803674,1610,1589080800.0,4
74.79567229135985,6092322407.22653,4628.79298544349,3034030.4582651164,6237239.6314329365,5864341.94122865,1610,1589081100.0,4
74.21746076588471,4793869764.226948,366.25931445603584,2522516.3516042475,6092081.943795073,6842598.82092465,1610,1589081400.0,4
74.21361462632676,1907522365.9049358,50.14507302621109,3473156.401751933,6054110.339006546,5748903.12150034,1610,1589081700.0,4
74.20148469897934,5637714462.397796,50.169845832244576,2415730.950897831,5417177.5672110785,5370202.949945135,1610,1589082000.0,4
72.8581068854257,7329014704.344328,69.46758758707828,3524613.758214072,5782276.241802915,5654157.556039563,1610,1589082300.0,4
74.18905411604514,4970331322.108829,0.0,2488576.461146225,5698699.940055862,5494067.682982911,1610,1589082600.0,4
74.38896970552405,4178840118.9489374,437984006.1980572,3355135.579674265,5721374.9245074615,5925068.880853636,1610,1589082900.0,4
75.12399335333022,5896057193.236654,819541652.7490022,3063586.106244422,5949622.802591798,6321908.368801908,1610,1589083200.0,4
74.20038428063191,5031255200.607772,49.95832740430549,3504373.091233538,6233083.570990292,5845819.8855501665,1610,1589083500.0,4
74.20121050645865,7194851647.129988,52.35263041292457,2600719.4528556555,5702379.183198576,5501344.198048577,1610,1589083800.0,4
74.20569514380472,5486280853.028668,122.14208730398776,3158307.2994907633,6226096.5178769585,5843405.408447937,1610,1589084100.0,4
74.26422614124405,6544319568.884533,83.6287016317397,2466521.45286976,5472518.144923942,5413360.113096992,1610,1589084400.0,4
74.60876509846834,4394946190.587988,778254061.5555798,3548934.2765845205,7417521.924937451,6489872.0571522415,1610,1589084700.0,4
74.43289119456084,4271891746.9379,373293010.9789791,2983897.9135935814,7157047.62730056,6257389.136767569,1610,1589085000.0,4
74.79428006660864,8916793861.516361,16.732914738119266,2870929.264732105,5496464.765660554,5520509.94417373,1610,1589085300.0,4
74.21030303869087,5360349103.513236,34.901753608616374,2723973.02188469,6560729.764808312,6024856.245004545,1610,1589085600.0,4
74.18795133396469,1927435483.2811987,16.728677674811824,1551562.7324138617,5960123.90849604,5800798.1315353075,1610,1589085900.0,4
72.59594074512209,911013031.6784797,0.0,2593909.3746126937,5824766.782961968,5584208.8504945915,1610,1589086200.0,4
72.61165012947508,6396291060.610244,0.0,3478253.710777232,5462572.588781679,5477967.9396468215,1610,1589086500.0,4
74.20011979586255,3486497005.027062,0.0,2407655.54591492,5480073.508513339,5440162.498716607,1610,1589086800.0,4
74.206793052833,3744296295.365833,104.20403230935571,3471084.5742836664,5578023.274014857,5512683.1357012065,1610,1589087100.0,4
74.85530022087957,7047841774.207337,80592742.37399416,2622684.259313262,5952090.624592228,5716839.904455959,1610,1589087400.0,4
74.64698362946284,6881428701.29277,853296829.7486068,3305922.439027735,5873336.09028302,6362157.51663873,1610,1589087700.0,4
71.37025332067077,6650201352.658165,177736290.78592974,2610625.135059989,8945245.5255269,7254310.971802647,1610,1589088000.0,4
74.23741323074623,1152148499.232259,16.735034074752,2840457.59936234,5399611.954322589,5453937.333875512,1610,1589088300.0,4
74.24409433118377,5000371867.078843,316.62801578583344,2508171.038686759,5806870.89472505,5552630.005397264,1610,1589088600.0,4
74.20866852189764,7871041369.8032675,3983.387340172921,2975745.6235498805,5419426.190477104,5427461.598146919,1610,1589088900.0,4
74.22716953347455,4555277455.267102,484.83858986028395,2408900.3444932653,5388946.761407306,5377674.510642626,1610,1589089200.0,4
74.78151198515567,7269234499.462695,3155.175013689322,3497823.078989665,5711279.8600045815,5636432.25072268,1582,1589089500.0,4
74.25476468338118,6029153258.70743,296.68512995313165,1998359.586025943,8216739.576337019,6757557.799087487,1596,1589089800.0,4
74.21112695230197,6041521943.691017,535.2805207746277,3451169.6711975173,6066988.37857505,5769707.721086164,1610,1589090100.0,4
74.43437314608228,2474539815.656464,104.74185326934715,2012442.733066157,5307842.886885877,5328961.419460815,1610,1589090400.0,4
74.20128412607468,4671002816.130707,9146.230766635843,2957633.7719027037,5377909.187141883,5443250.522787118,1554,1589090700.0,4
74.22304918341004,8675834209.203655,100.20018836461193,2383859.655626014,5802118.658248484,6309807.134884598,1596,1589091000.0,4
74.20006197341863,6183014429.034419,5739.5602331265445,2952240.2697436083,5434299.177642866,5486087.306839825,1582,1589091300.0,4
73.2871878070207,5151893249.786578,416750788.61925286,2025100.1217650457,6961447.206995432,7350613.0476259375,1610,1589091600.0,4
74.6259523429049,5830604301.931953,788364965.6811254,3081143.21898987,8272748.64863444,6883036.764002786,1610,1589091900.0,4
74.20864730144272,360890387.26251686,401.29835830940806,2227458.831093923,6352067.046820835,5819772.045886539,1610,1589092200.0,4
73.34230260235344,5303841455.192907,33.45503254841423,2858518.24764184,6156508.348075732,6994735.037545162,1610,1589092500.0,4
74.21507236259528,6095504583.203671,0.0,2479103.6358174114,5319229.097906165,5336830.134879188,1610,1589092800.0,4
74.20977703909784,5143418764.656128,0.0,3002918.657261972,5459631.726130571,5507648.39156276,1610,1589093100.0,4
72.88061760558813,5516990294.054506,634.8937003377441,2474008.371357568,6190729.282847998,6925804.15331846,1610,1589093400.0,4
74.80416475488997,6916292596.722371,817.7989473445979,3043735.6491652518,5682390.160444908,5588234.44170912,1610,1589093700.0,4
74.21639751200345,7844928222.2789,0.0,2532212.9808916072,5330177.51425313,5328781.813582209,1610,1589094000.0,4
74.21646218184749,5292739409.635575,2520.8869927577507,2843724.14243336,5354984.522135785,5397481.581128208,1610,1589094300.0,4
74.7324790392768,3267967136.8839645,0.0,2636692.5699801682,8947415.108939195,7143527.502181685,1610,1589094600.0,4
72.8853189958162,5216327406.405138,33.44055647176004,2950092.642972615,8881404.977701567,7126105.840359215,1610,1589094900.0,4
74.20775050491764,3769975684.7136297,3246.344602185681,2582399.3001897386,6484841.081464871,5971511.837304893,1610,1589095200.0,4
74.21254133273824,6202138992.175311,0.0,3087153.8652647967,6052861.313790508,5771854.468413066,1610,1589095500.0,4
74.81741995517166,11227844621.907408,752.0870906405307,2152162.226731602,6422880.2361786375,5968018.835030142,1610,1589095800.0,4
74.23352869391206,9704420440.619015,217.0765116430761,2462024.006657356,6401233.975159918,7080580.9593611015,1610,1589096100.0,4
48.79415211970104,5452396568.7401705,661.0593904517331,813503.1261330101,4958720.457763596,5418201.618933774,1610,1589096400.0,4
2.2228374967448765,6065066954.697016,215134332.19438505,23902129.79305113,6975116.081485247,9054675.653966237,1190,1589061600.0,6
2.4275643197533574,7780816655.200758,938336359.6209387,37196960.7402643,7033265.6059275335,8738298.981035195,1148,1589061900.0,6
2.1481224386185054,1753185219.6441658,0.0,19122244.884992424,5922101.62846429,7817975.672335868,1134,1589062200.0,6
2.1472785636694978,4367667716.850347,0.0,1585554.1182746596,6021249.8460133085,7602406.056026082,1134,1589062500.0,6
2.149294054429536,7768744005.649117,0.0,37760416.24678998,6118285.238400723,7799455.185027657,1148,1589062800.0,6
2.171399062308899,5116467034.324422,681.5699896698986,19373918.819887854,7532705.364260352,10000037.561063156,1148,1589063100.0,6
2.1552563655822845,1783619700.4726305,321.2482714495057,18990674.230688192,5272503.40191207,7195881.714266021,1134,1589063400.0,6
2.125872261639933,1910819404.5059626,0.0,1165283.625896707,6278039.487327808,7610405.86191328,1148,1589063700.0,6
2.16799583512164,8578349864.9159155,0.0,39300459.80269194,6198758.371666286,7542744.488045744,1148,1589064000.0,6
2.1613581058723748,5268894151.768929,0.0,36900942.16799213,7132973.08631696,8921653.967215769,1176,1589064300.0,6
2.1498596610476377,1791114248.0431058,0.0,1468208.9908240198,5318537.043472704,7225812.404362046,1134,1589064600.0,6
2.1510979697150363,5530583027.778448,0.0,34622306.97305593,6393410.838975292,7672601.655976526,1134,1589064900.0,6
2.1503503531228843,5322749517.432554,0.0,19261734.827239376,5721705.659415023,7377808.746990753,1148,1589065200.0,6
2.154664466987934,3405598958.33134,0.0,19322065.33788856,5388195.757050054,7223208.78425933,1148,1589065500.0,6
2.1517808084833634,8044742786.743534,0.0,19758896.4398975,7331355.298172548,9365539.160190133,1148,1589065800.0,6
2.1382143530509548,3479672350.382568,0.0,19579296.016132165,6133376.911897552,8023499.317681473,1148,1589066100.0,6
2.1665026829011333,6250790028.901945,0.0,55464045.71522822,5259290.065794115,7201911.85566501,1148,1589066400.0,6
2.1330251032855467,5156030395.2589855,0.0,1594066.011532348,5946318.545349033,7487429.624300699,1134,1589066700.0,6
2.139014010507468,3470684488.4039307,335.18532875072145,1007706.5861073708,5355779.252589289,7105214.397422566,1162,1589067000.0,6
2.156724069065489,9751263907.674356,0.0,37638943.247153424,7020159.914061076,8902762.149153143,1148,1589067300.0,6
2.232932589083912,7958712813.39074,0.0,19480177.786802106,11644060.955731904,10346425.294991557,1134,1589067600.0,6
2.145433403255702,3388898416.668415,0.0,19847690.71503529,5188783.199856496,7097192.935828715,1134,1589067900.0,6
2.1505649847521044,4157649280.49616,0.0,19293808.538975507,6203100.021802573,8192049.158431249,1134,1589068200.0,6
2.1466809559265627,7680601268.106967,0.0,22798381.998266283,5118179.180207047,7133932.296593161,1148,1589068500.0,6
2.190217982035645,4700632250.092757,0.0,54423806.49639965,5862279.163775518,7862761.200398768,1134,1589068800.0,6
2.1606726046746494,3462481455.259768,0.0,1524097.8633723138,9068290.128870536,9057543.43367586,1148,1589069100.0,6
2.139171844658318,7814906490.564006,0.0,36967880.9619762,6381020.267478596,8331492.783054884,1148,1589069400.0,6
2.139410883783932,6206894195.743899,0.0,19336535.100117326,6119506.959634275,7523655.009321945,1148,1589069700.0,6
2.1393815993178573,5473109910.882975,0.0,5183035.6075134855,6838961.6161720725,8429905.64090776,1134,1589070000.0,6
2.152219842942124,4287424415.298094,0.0,19320598.065948047,5882505.009589127,8568604.92252111,1162,1589070300.0,6
2.1614489472497134,2684662964.037073,321.0799481809705,18794256.680836976,6055227.39197695,8798502.613285284,1176,1589070600.0,6
2.4110460907553857,3522934744.978024,953394496.7128801,38790420.37366816,5969052.76478875,8338716.186246256,1162,1589070900.0,6
2.1401450799732338,4332353144.772139,242.90734531182858,19238017.08440696,5749202.839258414,7608626.666510767,1190,1589071200.0,6
2.3730843505058465,12479574126.630795,849216673.4422784,12306818.789772606,6925153.074449297,8967547.88076105,1162,1589071500.0,6
2.2649780070386614,6773366048.060907,265814808.82081372,37300295.00262879,6780141.066796257,9280118.336470202,1134,1589071800.0,6
2.156606739440477,8939527010.380692,0.0,19641749.6369155,5153683.9499731865,7025362.8633945575,1148,1589072100.0,6
2.1640975286154798,21866850.415632054,0.0,18912679.8042145,6481145.67862596,8127491.226417962,1162,1589072400.0,6
2.2102963066385106,6205511849.523322,0.0,19611821.602154955,9811011.354157446,9754413.674036983,1148,1589072700.0,6
2.158967936027166,6926522035.267254,0.0,23402512.54306815,6603384.4731507925,8246207.420895157,1148,1589073000.0,6
2.165918233854524,6677017064.728745,0.0,19783136.527674183,6537647.066738921,8197758.504310197,1190,1589073300.0,6
2.185381276919244,6182007604.79545,0.0,19085022.82985764,5947429.990157782,8774449.68752861,1148,1589073600.0,6
2.1670485582972034,6134046650.224905,0.0,36346604.85700037,6104494.87832695,7710664.425259815,1148,1589073900.0,6
2.168296298542427,6057016403.25119,335.1420253905914,19783437.42989074,5861057.9467208,7511482.004833093,1162,1589074200.0,6
2.1575339033669745,4335938604.621367,0.0,8206779.758399893,5843124.097209873,7491832.227376482,1148,1589074500.0,6
2.168489272236939,5152746738.571104,0.0,25729683.58005272,5807326.244020803,7462419.892242994,1162,1589074800.0,6
2.1731789720105694,4423808038.085178,0.0,20252977.014893733,6086879.583010055,8046955.133996039,1148,1589075100.0,6
2.1643761881794883,7061188852.596362,0.0,37282265.34434369,6098656.357073058,8138866.571961868,1148,1589075400.0,6
2.148151659992465,3562248594.921431,0.0,1589914.653009783,6306768.159446027,8121824.997053875,1176,1589075700.0,6
2.2016239064995964,6114479185.080554,169.60270031605782,46443452.3349715,6967519.66941399,9207271.63001098,1148,1589076000.0,6
2.156841784378226,6274124134.416079,0.0,36304634.1943824,5391289.602958063,7417357.816277779,1162,1589076300.0,6
2.1368546653542744,4391604709.063289,0.0,1055147.0570573157,5965935.855278535,7960133.974058337,1134,1589076600.0,6
2.1488959566023698,4226960827.5366936,0.0,18717800.11825066,5895429.056899386,7908096.851510745,1134,1589076900.0,6
2.186147056909725,6107284196.0929785,0.0,19922989.587131653,6881367.105324692,9372788.690414393,1190,1589077200.0,6
2.558411314472352,8796182100.362011,1543082939.3870726,31730559.298819076,6513064.3810098525,9072523.816688787,1190,1589077500.0,6
2.4245016905293397,3551581127.2266088,875537369.1424234,19368852.31520381,6972906.89605487,7994427.423166224,1176,1589077800.0,6
2.3087145424917086,4298926244.177789,490341753.30783606,1150985.7826718558,8571381.457121905,10907426.912040692,1162,1589078100.0,6
2.390014777929871,13169753476.46653,770567358.0256076,56421686.10409526,7007976.854163945,7948841.740683024,1134,1589078400.0,6
2.146552897163201,6792149502.698157,0.0,19129035.99180232,6417059.2944912035,8080673.893234945,1134,1589078700.0,6
2.1481597175186207,6848100144.943625,0.0,7216434.360339068,5895314.188525735,7917525.564790162,1134,1589079000.0,6
2.1489889647233853,6126301798.512957,0.0,36397886.67837769,5609089.366611613,7259862.772470674,1134,1589079300.0,6
2.1799228197681604,5353483567.573841,0.0,19632691.26324476,6579655.498770834,10169682.549217073,1134,1589079600.0,6
2.169206546712727,8633846621.64301,0.0,19406554.6045404,6096314.992385083,8826342.599183366,1134,1589079900.0,6
2.1605562061335517,1743026210.4029536,0.0,1088274.5170140206,6876512.281059986,9712811.918181423,1176,1589080200.0,6
2.544113175502004,3593039053.658842,1361837977.0184653,33477171.14413823,9175432.35899837,10320205.274321087,1148,1589080500.0,6
2.1576204044432656,8759477984.316038,0.0,54185988.48050671,6372303.330598217,8403770.843042016,1162,1589080800.0,6
2.2887206271783174,2518087573.550177,497520365.64236933,967802.631204936,6251630.214291069,7719135.0872392235,1190,1589081100.0,6
2.3887971628536704,5127145879.919962,804240571.3097903,18698892.47443783,7133917.428293045,8184718.590764468,1134,1589081400.0,6
2.1420655921416083,9521784295.991194,0.0,19065437.98428689,5184418.399935263,7065160.996444797,1120,1589081700.0,6
2.139160551306616,7751719387.618624,0.0,36925399.855421975,6098588.019515542,7952670.22923202,1134,1589082000.0,6
2.152590646139059,5094002967.558435,0.0,19526241.24095487,6563620.68402061,8578447.359221611,1134,1589082300.0,6
2.128959287047012,6304578848.327624,0.0,19030801.71373293,5563748.082938489,7543664.830672828,1134,1589082600.0,6
2.153605931827261,8786329707.030182,0.0,37312346.97222812,5266505.228922546,7132836.46038769,1134,1589082900.0,6
2.212889593306896,12004424621.35496,0.0,34571779.79464962,8684455.451874124,12896484.5992058,1134,1589083200.0,6
2.139422206426785,6996012096.552621,0.0,18867739.144239195,5254702.83748946,7248358.02604941,1120,1589083500.0,6
2.1407145906153384,1747834291.4191768,0.0,36959969.42689623,5513020.945230405,7238638.408404783,1148,1589083800.0,6
2.136158636132549,4247551168.083443,0.0,19247797.56767137,5926339.46305585,7679525.672703408,1120,1589084100.0,6
2.145374042029356,4395771282.711628,855.9913975042922,19511423.940463025,5221670.33211287,7075513.120313785,1190,1589084400.0,6
2.346985925379873,5299462051.5405855,793657678.9170295,1403983.3167623777,5487432.313444667,7859403.536638248,1162,1589084700.0,6
2.274789405848187,4483745802.7738905,422208992.4267284,37682310.83319498,6409128.455098159,8662905.468626987,1134,1589085000.0,6
2.16260255079096,5208728555.241822,0.0,37651506.93700794,6386921.117381047,8340156.539055394,1120,1589085300.0,6
2.169357498034421,9721064806.362715,0.0,18681152.78662389,9012459.1578951,9338494.533609053,1162,1589085600.0,6
2.299242808169871,3699632993.100313,554449377.5183419,35846123.18581446,6310242.657263823,9140547.616343623,1162,1589085900.0,6
2.2068861911213173,5217431255.000235,235601315.9713572,19642674.902439266,6402198.702137804,8477932.47480466,1162,1589086200.0,6
2.1589230703516806,9482125021.614628,0.0,36774290.84514521,6276515.427023542,8184059.070870925,1134,1589086500.0,6
2.1364256734958014,4442509833.77319,0.0,19960202.686942767,6014529.392949898,7963483.037825765,1134,1589086800.0,6
2.134989403940036,8730117233.109114,0.0,19387200.1314172,6704083.72755464,8466057.142242204,1134,1589087100.0,6
2.1547203237310932,5386393103.060407,0.0,37310044.01868955,5244838.36424712,7219680.2507961225,1120,1589087400.0,6
2.132498136611074,3530574168.1957173,0.0,1546567.5833250657,6020769.301612024,7747794.8888746975,1148,1589087700.0,6
2.169162490797093,8658049414.39534,0.0,36919881.48782714,6408077.576225083,9012545.192519344,1134,1589088000.0,6
2.1708006561003588,6255629584.162285,0.0,36423159.15984008,7226751.2207187675,9677914.195243118,1148,1589088300.0,6
2.1535767577310345,3384739979.5099826,321.09584519536253,19663925.37020945,6252345.434078748,8057066.851295533,1120,1589088600.0,6
2.1343560669095734,5156915416.764393,0.0,19441157.42283162,6733575.01258307,8285249.099135576,1148,1589088900.0,6
2.141207312820686,5314264875.813371,0.0,19419586.886034086,6039414.479762698,7970713.996178557,1148,1589089200.0,6
2.1520795399507024,7892390058.0160675,0.0,37390125.08483475,6074244.803467205,8059704.866188618,1120,1589089500.0,6
2.1553578986550783,3647869425.8120775,0.0,38012255.30907425,7657375.409360014,10259024.72202861,1120,1589089800.0,6
2.123044858174413,7687509371.845118,0.0,1463404.9068737188,5851238.398462287,7863994.714890456,1120,1589090100.0,6
2.1930549735608142,4596292964.16846,0.0,53682594.93052334,6592031.558620067,9076530.66124875,1120,1589090400.0,6
2.167793097531752,10498941958.641874,0.0,19080947.309737407,6533728.083381483,7825994.369527055,1120,1589090700.0,6
2.174515930035789,6080658508.50796,0.0,19368952.05368501,6481037.1817921065,7749386.9225203525,1120,1589091000.0,6
2.15212865657805,2591187096.260611,0.0,18701660.20501007,5567177.911878449,7552232.563360035,1162,1589091300.0,6
2.2744103197696472,4339406589.670811,384953586.3878289,18882686.72229143,6145291.550251583,8388147.948087381,1190,1589091600.0,6
2.3914367287061045,6155988989.6865425,841688970.6133847,37406836.092270784,5717607.261969556,8079938.302744597,1134,1589091900.0,6
2.1654807983390354,2543287290.0155077,321.331835898791,975829.6150075564,6175535.325704877,8873671.354659855,1134,1589092200.0,6
2.17233401195636,6780660948.268252,0.0,37356865.148674734,6051263.9586432325,7804798.173779764,1148,1589092500.0,6
2.224588491596942,4418037311.359779,0.0,54326978.95153599,9158018.405214947,10213905.773567706,1120,1589092800.0,6
2.1692594706271064,3535881701.338533,0.0,19007477.1298415,6979691.413570763,9123326.73769868,1148,1589093100.0,6
2.166758687382321,6751885078.204493,16.911643270024776,18913255.61863004,6196191.06154822,7765744.957868127,1120,1589093400.0,6
2.1676261544838367,3554547773.6209908,0.0,18407360.90146464,6072609.4059855975,7730216.801740037,1148,1589093700.0,6
2.1718133297063367,5709776225.909054,479.6653742468772,38416947.521538205,6226821.112643902,7689010.487150272,1148,1589094000.0,6
2.1486347078444874,2530786611.669011,0.0,18977276.85106302,5949118.165857673,7527380.5702909,1134,1589094300.0,6
2.175517886570235,907616423.6303998,0.0,1462970.4178413397,6380154.1529832985,9113196.117855348,1134,1589094600.0,6
2.1745777542838742,7888614801.816278,0.0,36737383.01868058,5701203.590060209,7733207.09038304,1120,1589094900.0,6
2.1594000453429607,7811985975.789312,0.0,35903559.19298816,5485843.659889174,7523481.299456863,1120,1589095200.0,6
2.1425089702654057,6921788336.534372,173.2801968951089,18860344.14842721,5313489.5208627265,7320097.057594023,1120,1589095500.0,6
2.177755253429786,6813192148.82295,320.0815997499363,35280712.42042147,5393429.414741893,7470305.386498657,1120,1589095800.0,6
2.1615715750105693,6457344070.79048,0.0,19328922.72192281,6566396.621545706,7907797.331302755,1162,1589096100.0,6
1.4377056238581791,4084865912.601636,622.9201810836082,399373.7354742235,8216806.317426269,9362964.559112247,1176,1589096400.0,6
96.56646992286451,2438370585.1882567,0.0,191853.02329014093,1475785.3544800961,1100639.5225332289,1890,1589061600.0,5
97.22324994641887,3720715770.7624187,0.0,73359.23018869896,1006404.1067831316,863463.3311780691,1890,1589061900.0,5
95.88763294331952,3337041355.7553897,0.0,237372.7498624337,1544054.2958311366,1121283.9530568474,1890,1589062200.0,5
95.02551928752192,2745345240.0025373,390.2323664061247,71158.56479537893,1027571.7791819456,884249.290717318,1890,1589062500.0,5
95.43023945311728,2976400638.989651,0.0,119113.31274911544,1168110.133127857,951248.4191372669,1890,1589062800.0,5
95.69648087859451,2274808737.722196,0.0,212248.99021222105,1465056.7350511884,1070973.4917889514,1890,1589063100.0,5
95.95495431490272,2612766421.340467,0.0,82929.05356043259,1005438.911160216,850795.2572144862,1890,1589063400.0,5
95.36003964096287,2537401332.4827147,0.0,76816.53605761124,1030012.420287485,878216.9596035145,1890,1589063700.0,5
95.3886588845103,2620078813.044972,0.0,146010.42832880426,1258920.2749032495,962424.3825941541,1890,1589064000.0,5
96.79732432123991,2417956807.449641,0.0,331208.7711574392,1927575.21064599,1300217.3035218979,1890,1589064300.0,5
96.32424478848564,2323139568.777155,0.0,106155.53562712489,1062206.7567165408,886257.5060010582,1890,1589064600.0,5
97.08777069201477,3299992930.7757864,0.0,159847.13895445582,1028124.0310994936,883122.6737189308,1890,1589064900.0,5
96.6823201910314,2199810864.2491627,0.0,71709.46705886001,1007005.7896317184,865360.0198140321,1890,1589065200.0,5
96.00647498454492,2453687261.7064967,0.0,310608.81192583236,1885134.3177993544,1292538.3740429378,1890,1589065500.0,5
96.21736885767416,2749851607.5251303,0.0,65491.998260779925,1273873.3393014474,1375461.2877610528,1890,1589065800.0,5
96.41855034645351,2992910159.7825913,176060.62239033656,289799.83253800776,1780548.5666297746,1234594.2989737606,1890,1589066100.0,5
96.24564877489205,3637542228.1680493,0.0,92584.2262288674,1040009.2544685398,875937.3045167284,1890,1589066400.0,5
96.46406890570576,3242288609.825028,0.0,208168.91582338692,1483962.7563376985,1103070.356403312,1890,1589066700.0,5
97.32668567363159,1584097967.7411056,0.0,214872.30963996678,1512493.3831621953,1120297.144286235,1890,1589067000.0,5
95.94310744573627,3030152505.452937,0.0,303727.3428427848,1820056.7550629715,1234549.1584698108,1890,1589067300.0,5
96.15538296189452,1696431651.9030395,0.0,92719.47133875317,1573093.587641074,1977693.475264165,1890,1589067600.0,5
95.02371746354271,2052902617.184718,148340475.4050567,169575.16418666652,1378289.5156655177,1115883.966029718,1890,1589067900.0,5
94.55007958260173,2379550574.548987,873623611.5708554,260024.2502894073,2041126.858015131,1884251.4457362914,1890,1589068200.0,5
95.29231451677212,3094764013.966062,69413239.91459584,270001.6041417842,1672061.5371788198,1216924.9290943441,1890,1589068500.0,5
93.88857374438558,2635612281.681417,348343614.6529321,397488.87581471336,2845498.5942804073,2099299.8333366383,1890,1589068800.0,5
93.96991941413977,2780305699.5739,498426126.6381419,132377.91899891465,1940428.5457595903,1325362.2076856205,1890,1589069100.0,5
96.63199613946188,3125111963.462726,0.0,288989.8008881329,1743362.2446162596,1222265.3925460365,1890,1589069400.0,5
95.45585292560808,3789243254.3744287,390.2473768663741,175570.78062317555,1358136.7776796457,1028865.0953123344,1890,1589069700.0,5
94.68319978980531,2436495424.267732,0.0,249356.6390328511,1637642.6429601272,1169846.9420845823,1890,1589070000.0,5
96.54793612324973,2425984452.641175,0.0,377637.6874127,4266556.031446077,2457264.275099975,1890,1589070300.0,5
97.28382142028508,3793800666.239477,0.0,229329.7452024469,1553774.9164465915,1131481.1577904185,1890,1589070600.0,5
95.7737517784699,3902676134.552066,0.0,233920.929799392,1575548.160204265,1137620.0082251965,1890,1589070900.0,5
97.19203368538028,3426227652.861148,0.0,151324.93541497632,1281318.5948343512,1002887.405718348,1890,1589071200.0,5
96.87961388883913,2245701197.322792,0.0,3154009.895385736,1578976.1401615853,1117003.2160234842,1890,1589071500.0,5
94.0779743571108,3938913949.8561654,1526735220.2789295,51470.4376255024,4420300.1224366715,3408937.729875838,1890,1589071800.0,5
96.95450366907976,3842994417.339036,0.0,296701.45887344825,1818194.2979636574,1259613.7458192229,1890,1589072100.0,5
95.96973046484457,2511157108.7909827,0.0,204097.7695099761,1485106.3898437952,1078091.8889831416,1890,1589072400.0,5
95.83333211219565,4121379970.815136,0.0,177718.72418987995,1405426.4471386927,1039324.9500454181,1890,1589072700.0,5
95.59207126206532,4596088889.161682,0.0,209825.15681986292,1465455.1112681222,1081164.1569731731,1890,1589073000.0,5
95.88015980222208,2682962852.194096,0.0,286189.9121849894,1709895.2337010102,1190166.4616201534,1890,1589073300.0,5
97.14543437693143,3036755998.109143,0.0,100395.27988172004,1081472.9195723215,901298.8854384788,1890,1589073600.0,5
96.87883552628212,2250586467.4219303,0.0,247341.35495274284,1600118.0941394502,1153525.0921744208,1890,1589073900.0,5
97.17681704041156,2740131244.381104,0.0,286250.1306632693,1598074.2652156032,1118750.8235602127,1890,1589074200.0,5
95.77490021522982,3126359138.835137,0.0,284192.9357167803,1665961.4194966904,1190109.3893726056,1890,1589074500.0,5
95.90227270645941,2016999115.866496,0.0,282679.36898149806,1731132.792120107,1224042.686766076,1890,1589074800.0,5
96.91545820224664,3058747032.222897,0.0,308178.5124289329,2095739.93212414,1910160.340314558,1904,1589075100.0,5
93.56295150477152,4368325146.580783,1543445497.247119,388286.2198334063,2627773.139330886,2501244.351325098,1890,1589075400.0,5
95.69047497988896,2198641589.2730308,0.0,242734.80373748246,1565428.2847284346,1144482.979436145,1890,1589075700.0,5
96.73349390493924,1019330371.0146637,0.0,245311.7108273533,1545005.4009107847,1102447.524473816,1890,1589076000.0,5
94.94418454193872,1741810081.200536,0.0,387153.2114388382,2101193.3519605747,1381307.1182731523,1890,1589076300.0,5
95.93734891675014,1865754382.89407,0.0,394120.7189040161,2120020.3437906657,1411635.534546768,1890,1589076600.0,5
96.01618820753993,3231205524.289635,321.5974081787828,296773.12825227017,1673419.1855052991,1152602.6745044722,1890,1589076900.0,5
95.79634528529185,4082963770.814615,0.0,247427.76208261852,2113276.2690452216,2234744.17267722,1890,1589077200.0,5
95.39275882424198,2248348508.3803787,0.0,255414.98487843148,1627346.431216792,1151436.3845208955,1890,1589077500.0,5
95.61301966872807,3370326568.77663,0.0,232676.17163349412,1511395.095073584,1096328.9367632305,1890,1589077800.0,5
93.47620597918234,2238651101.420859,1563652823.581662,300000.94427176693,2367291.4829102727,2376020.467719216,1890,1589078100.0,5
96.40272379001743,2586237721.143106,0.0,199497.64573749655,1495922.096802894,1110336.117596055,1890,1589078400.0,5
93.31630847460366,3922889589.503868,1507346195.4034855,214250.9131038617,2081495.5889533318,2246450.060084265,1890,1589078700.0,5
97.29360729733077,1927840996.981596,0.0,328537.1782336419,2485499.9077665885,2429062.504395124,1890,1589079000.0,5
96.57507119030592,865048716.0219908,0.0,203652.7396840909,1448610.8631451547,1065510.1258287441,1890,1589079300.0,5
95.3113049199318,2425724305.4253545,0.0,218528.8090314431,1478674.274439443,1082655.2656029835,1890,1589079600.0,5
95.22047730896308,3275298694.25506,0.0,219151.14580226765,4241464.894656049,3269267.07938126,1890,1589079900.0,5
96.34047068108663,2723122928.869595,0.0,245421.6269829589,2080812.321158862,2215504.9666548357,1890,1589080200.0,5
95.94706482391408,3583142774.957825,337.95658380019637,219424.64551143488,2042205.8333045584,2229750.0094803064,1890,1589080500.0,5
94.18749231598078,2248159981.571587,0.0,254084.43565851,1589169.401031627,1153013.8714685224,1890,1589080800.0,5
94.8582919537477,1771355864.6155415,0.0,211685.37304997307,2033272.7349329584,2215908.712060037,1890,1589081100.0,5
96.18709927676844,2238045612.2689443,0.0,317653.3191411613,4068413.378637186,2347077.959554552,1890,1589081400.0,5
96.2871791995555,3052110687.430563,0.0,209379.64818038663,1471216.0121412661,1086531.7702273258,1890,1589081700.0,5
95.91940655640394,1838797354.349516,0.0,320980.30912612344,1904309.621684781,1305025.5736590798,1890,1589082000.0,5
96.95938417018304,1851338788.769784,0.0,299149.8902818117,1790887.4557589903,1235134.3498787396,1890,1589082300.0,5
95.99031697051493,2728744554.6142874,0.0,287984.0700944861,1662425.143125163,1182234.433307777,1890,1589082600.0,5
95.49790760765042,3714020003.785527,346218422.9534465,358841.1586763702,2463911.154764354,1568215.1851984127,1890,1589082900.0,5
94.07578387486707,651195867.4008815,918865447.3335607,336638.0174353156,6549808.375572953,3551986.4331794195,1890,1589083200.0,5
97.0199962994033,4868613987.354703,0.0,208355.36132220642,1541164.7854274262,1121853.5283521859,1890,1589083500.0,5
97.16500643347914,2924292839.670492,0.0,182525.26653592614,1427116.1376597332,1072513.6231949816,1890,1589083800.0,5
96.0504513586083,2656926656.9807625,68.11696801086103,117886.79293329096,1199917.4132136866,950940.4180082878,1890,1589084100.0,5
96.45165890444108,4291956498.0164523,0.0,288455.53818083863,3965372.990767002,2281406.4454484475,1890,1589084400.0,5
96.6924962961582,1902172499.9011316,0.0,285485.27311346296,1818424.6660494874,1257837.709300693,1890,1589084700.0,5
96.22619112315505,1955568894.9483168,0.0,212126.85369234212,1504257.0819333058,1114810.245351712,1890,1589085000.0,5
95.15762076957331,2242482625.1455727,0.0,373269.48771509633,1994558.8868915096,1328934.875535283,1890,1589085300.0,5
95.78138135133536,1244793008.89125,0.0,162972.128893135,1332904.5985279037,1025591.4598292591,1890,1589085600.0,5
95.58887861030377,1173539975.249674,0.0,137956.95961170222,1192101.2559212935,934902.1417674952,1890,1589085900.0,5
92.82604752749408,3183996741.409539,1476612935.5299025,220101.16042765175,2032686.9558355,2156862.8331546844,1890,1589086200.0,5
96.05789939512344,1914732702.4301054,0.0,353075.55754319596,1999122.2674334885,1360713.273403613,1890,1589086500.0,5
95.64538726119659,1205052803.9794574,0.0,332503.79320734163,1839657.552993307,1251242.286023013,1890,1589086800.0,5
97.20853916184186,3504289657.871336,0.0,265602.96363386326,1624395.066391592,1156988.108200069,1890,1589087100.0,5
95.82622895727222,1234502260.1773038,0.0,224876.4709165978,1537752.7181589785,1129759.295149826,1890,1589087400.0,5
88.99929973356257,3947260529.945268,1481924791.6461425,292266.8784242125,3970892.725460465,2329459.661952424,1890,1589087700.0,5
93.49779371033294,2564744918.626259,0.0,204228.27107708534,1983853.6643408157,2199631.757365944,1890,1589088000.0,5
94.45306477205551,2812625547.6778736,0.0,246296.15590620157,2118971.261479104,2251291.2108909586,1890,1589088300.0,5
91.41592793979582,3389492112.3165627,0.0,215203.53461335023,1507037.3919880944,1115373.610218836,1890,1589088600.0,5
95.06363609068022,3777642613.31344,0.0,211050.3805505289,2044470.0900082344,2229204.050051822,1890,1589088900.0,5
92.71710622055045,405442765.30187297,0.0,290333.2074261886,1841991.783577759,1267533.3699424476,1890,1589089200.0,5
93.46087008520823,4038211214.4459696,0.0,295618.0936453339,1804374.7455263063,1254352.287327657,1890,1589089500.0,5
94.53701090924713,3627458524.336207,0.0,352257.89479592047,1900383.1197277969,1280162.2011546432,1890,1589089800.0,5
95.24140130672797,2556117735.965315,0.0,238299.96851016593,1542666.930546743,1117716.9138004782,1890,1589090100.0,5
96.5516370756814,3922765873.219353,0.0,244248.3714978061,2060665.9506852091,2213814.835348176,1890,1589090400.0,5
94.23691477771145,1581724377.3388338,0.0,146483.66473054135,1255404.5371151816,988288.199709571,1890,1589090700.0,5
94.29207819087937,515958324.51192236,0.0,118045.43462115596,1667623.1389562718,2057409.736402508,1890,1589091000.0,5
93.27718180402927,1706528639.5732007,321.05610561056113,398729.353515091,2068639.1180679568,1351237.009377027,1890,1589091300.0,5
92.9423385905599,2106018714.157111,339747439.29652345,395148.67673027643,4946593.537444487,3812399.939089919,1890,1589091600.0,5
91.84114172408201,3040400764.78534,915913797.6388601,129166.88915269125,3803569.554166182,2766713.76577541,1890,1589091900.0,5
91.89834843387092,1745135174.9160585,0.0,102067.2345376076,1092304.206759365,924925.1011404345,1890,1589092200.0,5
92.9269996208183,2517152226.2813845,0.0,292572.0417610708,3960877.655369405,2308449.9866408985,1890,1589092500.0,5
94.0181098489554,3321991554.515156,0.0,366012.47680526227,1986862.4014459609,1326658.0203664752,1890,1589092800.0,5
94.25653157899849,1667938053.0729175,0.0,235065.2601975524,3795786.802090035,2212738.4315247918,1890,1589093100.0,5
94.1214301480687,1716402208.462451,0.0,201643.06515472554,3677360.357618555,2190908.7417338397,1890,1589093400.0,5
93.6613757248295,3445744700.451404,0.0,179470.86121033214,1405690.2165308848,1045671.7474381544,1890,1589093700.0,5
93.86712514094008,1595265849.953071,0.0,183734.51963782683,1432761.917544131,1069685.4751176285,1890,1589094000.0,5
94.38985060985728,2756660800.604195,0.0,206543.7608722284,2040602.8785496915,2201070.0058377977,1890,1589094300.0,5
94.11136638280121,2400458696.858405,0.0,251125.02978581784,1650893.258886446,1184689.6485832315,1890,1589094600.0,5
91.3441852866568,2232611363.690023,403.0161106269973,323769.27629486675,1746533.0777534717,1185358.6942514142,1890,1589094900.0,5
93.51872899085105,3090598186.0956144,0.0,291498.22016006854,1494994.5635153782,1118947.874549594,1890,1589095200.0,5
94.70794459951364,2229736137.140123,0.0,291579.0812710189,1714541.7693116178,1214361.180380949,1890,1589095500.0,5
94.2379380322409,3304877524.130519,0.0,247272.2754788048,1559575.5989291982,1133068.3422275386,1890,1589095800.0,5
93.78153523386965,1581437772.2715912,0.0,107708.87751190756,1119198.969821157,929219.7508677755,1890,1589096100.0,5
54.18376308004475,1327308603.5532644,290.36280599148665,70164.61352466134,1294691.092428217,1797763.5208225232,1890,1589096400.0,5
0.6914140769357261,1927285729.2484996,297631.78609900986,10822.964208503481,880486.5819357403,879698.7929328219,1190,1589061600.0,1
0.6956218510975334,1097150385.221237,394542.44924476714,10838.671205307228,832028.0967365729,832905.4233655104,1190,1589061900.0,1
0.7048795124301569,1793179329.0686636,538068.8794262799,10384.427308172282,1160340.3083389057,1005518.4130492482,1190,1589062200.0,1
0.6772432560898123,2149211744.113172,358277.890953116,10514.39170613759,842907.468123002,848155.3840545744,1246,1589062500.0,1
1.035738504900798,2850472442.5066113,1055187717.591688,10952.209646131894,2426187.0223343614,1627758.5261734363,1204,1589062800.0,1
0.7551043826694189,2739239490.970318,50254538.20192872,9890.78477163196,1853707.44616652,2729299.8928338992,1190,1589063100.0,1
0.6865950778831554,2294826669.36929,470609.8316814018,9737.3153367322,843555.2127216834,851249.6366204604,1190,1589063400.0,1
0.6998820389434598,2564693382.659784,689609.7417768274,9971.341864807462,833231.6568564838,833310.7633107336,1204,1589063700.0,1
1.0715668952885111,2005143357.4294984,1246493913.982679,11349.416944161574,2532971.1546206074,1659084.7525911296,1190,1589064000.0,1
0.6904353002149772,1789880677.0849926,602059.4415097274,10149.107234655059,792370.3489535841,800275.1271896951,1190,1589064300.0,1
0.6978322474667474,1658152498.342497,673944.601823854,9872.291082573063,851274.1620937295,851070.449278985,1190,1589064600.0,1
0.6979704512833185,1382121085.6690938,469670.56208452117,9211.432452692656,831752.7235769602,831314.4356140989,1204,1589064900.0,1
0.9647720048806874,1800935568.715671,987282712.1834973,9327.012648270438,1164994.5918854421,1514995.7533028347,1190,1589065200.0,1
0.7865725031044266,1814705644.0101442,314634904.1711843,9413.120570016708,940417.9739431369,1057119.752009548,1190,1589065500.0,1
0.6890726438307526,2130474621.9398332,408986.10460480495,10540.400566355944,2474454.757177317,1676920.7596575909,1190,1589065800.0,1
0.6932563786060646,1487636881.7040308,311574.6732874845,10797.97740868343,841140.1834716318,848528.8077304055,1190,1589066100.0,1
0.6937283878069502,2317319383.7172346,369658.1480899773,10381.12907500663,860047.5300640694,860291.1451171375,1190,1589066400.0,1
0.6936401238626804,1851029905.519275,499889.9025692275,8803.45872881777,841842.6204485839,841830.6427338246,1190,1589066700.0,1
0.7175448110582369,774005063.5572357,1004611.1856415777,11092.457017921624,832480.2982980823,840464.0418634532,1190,1589067000.0,1
0.7069564939395945,1488527734.1313965,728010.8849999894,10064.548903110384,830425.3857855395,831895.4178155267,1190,1589067300.0,1
0.6925490403691595,1078922572.195481,548762.4934515939,10585.10386712685,851659.2206915243,853476.1925435942,1204,1589067600.0,1
0.7616603373112669,1183921168.98565,251662468.70827183,10466.722439885029,872834.9695449172,951360.1340726664,1204,1589067900.0,1
0.9350804543532883,1818126728.0043032,874963502.3435696,10839.209839731644,1174698.6560943385,1491195.9570527268,1190,1589068200.0,1
0.6928428441738897,1836890921.04178,326911.1978702721,10091.468843037146,858761.7342394169,865205.6016905288,1204,1589068500.0,1
0.7920214335006506,1200525574.7649386,382667689.21804416,9315.771460115926,1069404.0420223307,1287292.504354077,1204,1589068800.0,1
0.7922042873339965,1916371602.5351589,388788278.3554647,12594.847657065264,927653.8680022882,995947.5182876695,1190,1589069100.0,1
0.6909161254886373,1566879946.4214325,655844.4742350185,18685.567787664,855705.6864999648,854089.9481640678,1190,1589069400.0,1
0.6801803241226767,1508567609.7993894,297196.16452513303,19086.8309978751,826390.7999977658,833956.3596915939,1190,1589069700.0,1
0.6988261076850204,2108871405.9739547,731589.603929753,20620.494073519,835393.8951735361,835506.4710132197,1190,1589070000.0,1
0.689395459236518,1397520188.026077,241771.09028568066,16825.906192198327,828475.1652517511,828430.4976780737,1190,1589070300.0,1
0.720573675481977,1868839383.0396805,58448357.77382672,16860.419538821076,1614300.4970049988,2069521.997209173,1232,1589070600.0,1
0.9852251197035544,2449183279.0720267,972034564.5022943,13855.815954112815,2140520.779698397,1506207.7037233512,1190,1589070900.0,1
0.6917634027911076,2143157058.9181614,509401.28745613096,11058.672508105825,847788.5603650234,847548.6848645349,1190,1589071200.0,1
0.702017097472919,1388953703.617942,529052.4364958982,13925.79954530584,813410.5349045873,820846.4335354251,1218,1589071500.0,1
1.2097225360319213,1757397476.9300804,1549629847.2030644,11130.626979152916,3907262.4371918864,3855930.988022544,1190,1589071800.0,1
0.6809777240830756,1704439173.2515507,298903.73388322967,10943.407891540992,844763.1055988183,844973.7391478264,1190,1589072100.0,1
0.6983952597294225,1249937219.2724128,406659.14484937774,11495.721604441169,829718.7643469779,838039.3448317108,1190,1589072400.0,1
0.7344228601408327,960350698.4537412,674510.3576747507,8785.398848367588,1937302.3104110318,3099453.176184236,1190,1589072700.0,1
0.6950990012246576,1378017867.555507,450950.0990021792,8990.416870284016,832514.9662963239,830939.1289101539,1190,1589073000.0,1
0.6777851037785978,749120051.2243183,398007.1589582176,9360.929057900512,826649.8342401361,830011.9589734948,1190,1589073300.0,1
0.7049885211944726,1720217136.4855645,527944.9111485637,14260.962915092678,1382057.1563108577,1971770.6594283357,1190,1589073600.0,1
0.6875641448150427,1710627705.7320714,299062.4049025116,10414.148650271436,836611.7846722156,836710.0577222627,1190,1589073900.0,1
0.687361103200444,2394327646.7869625,319061.8384460391,8802.624137541003,836544.2287320669,841428.2875538587,1190,1589074200.0,1
0.7104106252287775,2085915271.330073,437797.978427829,11425.53450344076,1389121.814971123,1951230.541302701,1190,1589074500.0,1
0.698163574203241,1797311652.0712,413583.800839317,12549.902906189574,834935.7729703649,833321.4736852046,1190,1589074800.0,1
0.6969932552576341,871757452.4923557,577885.8590190946,12140.348940538808,800317.6260467988,808128.9008167931,1190,1589075100.0,1
0.7090610451574616,2389755323.4278607,395813.478125352,11193.118571606408,1508410.4434254488,2162364.0795846176,1190,1589075400.0,1
0.7064883684162196,1407655527.4801984,824030.5149355754,10487.732311425849,841432.0288155698,840149.2342137825,1190,1589075700.0,1
0.7047828211858184,1615639407.427114,550671.9266406813,12690.9898266892,810081.2083595472,808249.0549591938,1190,1589076000.0,1
0.7093085622369719,2505671503.5531673,271796.7587271235,13270.535772708767,1426371.520005254,2030319.003447491,1190,1589076300.0,1
0.6943956501448787,886515859.1955783,436140.3656885216,10736.721797536917,879071.7660340356,878171.4462214727,1190,1589076600.0,1
0.6895671541334043,2222924540.130627,279294.30177466833,10243.391851606491,833330.2998696999,841028.9991745284,1190,1589076900.0,1
0.7291748303385958,1493189114.4251995,322095.11827022803,10780.90023838129,2969804.920660893,1882957.7041048682,1232,1589077200.0,1
1.1051013700421184,2069501199.933478,1354753454.5390973,9893.381767169682,2932189.35174345,1873030.011348221,1190,1589077500.0,1
0.7008368095379317,1999995595.7185376,389102.1045088316,12332.699674887659,824397.113279495,826123.9714286666,1190,1589077800.0,1
0.7079587197263637,1395862222.00148,862180.4298607046,13366.55181553141,843215.0651202336,841398.1306018428,1190,1589078100.0,1
0.6983910673966693,1120421669.255124,650417.0194024579,12055.50739122992,819973.8611874459,818882.6350489485,1190,1589078400.0,1
0.6847825013872305,1185739935.2927756,330592.95149055385,12109.160921681885,853341.7133888946,860767.2233888827,1190,1589078700.0,1
0.682874717905003,2020588391.4747887,272492.21500509186,11104.722342183013,868468.7625294961,867279.7150455869,1190,1589079000.0,1
0.6936513042738621,1172788862.5532534,469180.2562717482,9141.569981698176,805222.3922516734,804791.9219710197,1190,1589079300.0,1
0.7042248325243263,1993924851.5833175,663293.5263269064,9379.518246905707,821971.2638427509,829621.4051356873,1190,1589079600.0,1
0.6956400718262951,989695594.3355463,526312.9327642191,10955.272451755276,848422.3070668748,847466.3278413764,1190,1589079900.0,1
0.7663241793849992,1968697534.4184656,824607.6627658599,13282.351700692006,3605826.1617968893,2992466.623103037,1218,1589080200.0,1
1.0830422768176002,1604365580.5476894,1331891492.2978067,14475.882346521365,3084982.3218109026,2274673.922144964,1218,1589080500.0,1
1.080007508516535,1844346628.552505,1352074160.1854475,13704.144607193428,1395361.1985173866,1903842.5512593237,1218,1589080800.0,1
0.8713715162385752,1843190696.961312,537148177.2263322,2835034.7694664705,1060196.3458168749,1249862.8559052814,1246,1589081100.0,1
0.8994931919323281,2339796733.963712,764867108.9514699,13209.991820598629,1131629.8187624998,1412890.8447825634,1190,1589081400.0,1
0.6781609445777602,1378300332.762395,404298.2275187064,12143.298018583027,828988.0473214564,828481.823489178,1190,1589081700.0,1
0.6856299785578489,1643973930.3023293,330473.8984544056,14162.622364301924,864122.3835901759,862136.3882414015,1190,1589082000.0,1
0.7021727227336441,1230550840.6795802,467807.3191065998,14891.180690258432,1230659.498758108,1647380.6477385038,1190,1589082300.0,1
0.6910586164649699,1196823384.494367,545150.9253118311,14994.529545012198,848783.9708112094,847674.0388705404,1190,1589082600.0,1
0.6858411834408803,1591360041.3699205,285595.6804001663,13078.295440427382,823430.3487068594,821762.8531397425,1190,1589082900.0,1
0.7129746728688251,1345671004.5281315,375859.6495697192,13293.104024468894,1328151.82594095,1787882.383353726,1190,1589083200.0,1
0.6972754681352927,1924096804.0920286,715627.0370062038,12029.700619959038,834980.9002634152,834381.1273043195,1190,1589083500.0,1
0.6906427076798677,1134354859.1829338,313793.5707665974,10331.771681203629,836915.3080348538,836308.930855667,1190,1589083800.0,1
0.6863628144358119,859296640.2959043,382870.026403797,10466.028906282354,863262.7162883972,871619.7139966367,1190,1589084100.0,1
0.6936424359407399,2075039625.2497442,257606.07145789143,9753.148280817124,792269.2132737864,790711.0839935469,1246,1589084400.0,1
0.9305467379141495,1831588948.2506485,778514104.1490878,12180.126152915891,1151558.3111804586,1439032.7868237298,1232,1589084700.0,1
0.8476357343657759,2484961871.074443,397935453.58985686,12256.508828519416,1011675.9386328028,1164775.0798558586,1190,1589085000.0,1
0.6781463311955218,1153210064.9349632,330424.33646226174,10615.528562320424,874665.628253562,873934.1760249592,1190,1589085300.0,1
0.6792810879674466,1820574193.6770148,292996.18978351675,10374.524877727776,847846.0295634693,846537.9586343463,1204,1589085600.0,1
0.9116417364544896,1746173142.61372,807185723.3946607,13366.33040136494,1129486.532247555,1407797.194316401,1204,1589085900.0,1
0.7665372099951323,2006408070.0288167,246044282.10356015,9871.684124178468,906783.9971985734,981603.9683357264,1218,1589086200.0,1
0.9583745783368336,2127163132.2793427,811179694.6245878,10864.449742639865,1149270.940729219,1456797.9184053328,1190,1589086500.0,1
0.6882495885498501,1653924668.631744,484080.2187609887,10700.627238288449,853184.7549267943,858047.7750177459,1190,1589086800.0,1
0.6979325967644345,1800608480.104089,708796.1350164305,13686.273972227167,804689.0997400392,804075.554238882,1190,1589087100.0,1
0.6962644778516156,988417466.6260383,12120794.99325994,12197.140632506667,877053.4862338437,879099.1217456008,1232,1589087400.0,1
1.1008344607489804,2310363754.903829,1427168650.1630135,10343.265062899056,1417117.785424944,1988530.277669253,1190,1589087700.0,1
0.6870913063868881,1989673417.9500566,403662.2651338851,9701.867995601791,813240.1457463237,817263.627421434,1190,1589088000.0,1
0.6904347781371738,1529668668.3605,514391.526157391,9428.878989119454,834057.4678253619,832491.7241733761,1190,1589088300.0,1
0.6974767991783111,998044550.8753152,685930.0290524397,15766.752016343264,843491.8072021577,848692.3155323003,1190,1589088600.0,1
0.6910938592008656,1704611938.366135,599349.1980694575,9211.05096847136,852134.2994446115,851318.5018485277,1190,1589088900.0,1
0.6915869272333388,988897832.017929,533960.7686298727,11177.632014841318,839998.8552237535,838626.2534290117,1190,1589089200.0,1
0.6877116584085153,1609872291.0460505,561732.247106545,11770.45609821743,828889.4832666098,835699.8588310311,1190,1589089500.0,1
0.6704047021937699,1796357728.6763802,311387.36955823604,8863.304904639674,824476.4786172585,822825.6681431049,1190,1589089800.0,1
0.6849733018036994,2014040884.004884,440239.1316951737,8122.038557229377,825700.3521395145,825825.3507353053,1190,1589090100.0,1
0.6775514215912641,1408355464.1041949,372829.42092908354,12579.361026087492,840871.2280572503,847888.1832173489,1190,1589090400.0,1
0.6725047410050449,1842071975.9150164,270078.270750063,10500.041413354978,819754.4169455464,819546.2177061674,1190,1589090700.0,1
0.7214215833503339,1172121952.4246554,539121.1792223274,10106.602626841906,2911569.3565534633,1871897.617178624,1190,1589091000.0,1
0.6904786993677353,1605180787.0339606,528986.51609608,9700.695594567736,844540.01308154,851483.2365692427,1190,1589091300.0,1
0.7318750145140246,2301805282.36944,389805.52184675797,11999.013365622091,3048673.4713957575,1928976.1940208282,1190,1589091600.0,1
0.7063032302042953,1770048135.5710475,493471.81182336214,9716.734552795091,1298821.878949627,1797491.691465609,1190,1589091900.0,1
0.6852440667895234,1309734214.7291062,335419.32220860186,15353.913572934485,886255.1220323631,892975.2071303263,1190,1589092200.0,1
0.6835047176399285,1365662592.028158,491807.1949320668,14453.53677174062,826292.5274955847,825967.9364564639,1190,1589092500.0,1
0.699267926978896,1705010086.2907932,710016.3252035355,13452.616887817507,815974.7040609281,815402.2336257908,1190,1589092800.0,1
0.7075924670061579,1530594837.9597828,582618.3639578797,11367.271118054136,873714.6748319316,950746.42749345,1190,1589093100.0,1
0.7229451463589711,1443532370.1304786,871517.5187336466,30550.516609743267,1422057.0036539813,2009619.8720312638,1190,1589093400.0,1
0.6980194949965199,1587680465.29391,365307.4463955888,10519.55227404881,1370264.8052784856,1937642.1998821704,1190,1589093700.0,1
0.7015082969059456,1268669299.017519,636314.552475219,12485.115547088544,799646.2702620252,805538.234309947,1190,1589094000.0,1
0.6866737031577675,1080175793.4608364,542549.6680396851,12144.286950652408,810016.2374190944,809938.2377738918,1190,1589094300.0,1
0.7033004619741582,852843142.550269,507962.6367688722,9204.382886628051,1396206.9457310766,1975106.070523186,1190,1589094600.0,1
0.6887511485146725,1369861602.4839306,485919.6811102858,11109.187953673072,799973.1056428315,803911.4108961561,1190,1589094900.0,1
0.69237543582743,1782080256.2347703,488004.5715893345,10670.066873009831,849691.8244738231,847345.5518297821,1190,1589095200.0,1
0.6920422114993295,941028993.6308141,498700.0625744382,8143.039972167343,842953.4411299294,842585.9817722164,1190,1589095500.0,1
0.698300444395196,1828914237.7158694,586087.9384114844,9855.777354427237,815024.2065244388,821693.1164387572,1190,1589095800.0,1
0.6984233862269819,1599021402.9808905,723854.4912260791,10820.409836404968,827435.9121501343,826659.916897518,1190,1589096100.0,1
0.5146735550473671,1466956351.485566,260914.64088839878,73970.19085558242,2187075.9680282846,2712815.5874039023,1190,1589096400.0,1
1.0537235258104074,1470882394.0147915,893587138.5759953,25215951.96185552,1411054.4448461556,1449178.344190594,1190,1589061600.0,2
1.0940148391037887,197038273.02860224,962169735.5350976,36016158.07435528,1400545.600524378,1475455.9730246658,1190,1589061900.0,2
0.7828398481747494,836695158.1414074,0.0,18622848.213066973,1039886.9861619784,770764.7459554853,1190,1589062200.0,2
0.7732322643926806,479459122.9716015,0.0,133835.25355604806,1050309.7599396724,786066.7911387137,1190,1589062500.0,2
0.7916295012138195,1824570055.9537148,0.0,35773984.418616,1040358.0379324951,773615.5237466616,1190,1589062800.0,2
0.8053195208328354,786040086.1300107,0.0,18088044.691794094,1600487.0867291994,1892116.4880359438,1190,1589063100.0,2
0.7828246252945803,1078799392.194508,0.0,18234142.667126447,1021970.5089253177,754634.0656607894,1190,1589063400.0,2
0.7735225337851024,197918587.1121769,0.0,128909.632372676,1027404.0706947714,763063.8555705653,1190,1589063700.0,2
0.7911415382388055,1884979089.6110559,0.0,35846469.97659977,1004804.6953997564,731972.2392079842,1190,1589064000.0,2
0.7875452771219641,979156391.0010703,0.0,36110836.5966786,1034415.4953387205,767517.4386909654,1190,1589064300.0,2
0.7758982144896348,818785638.6492794,0.0,132936.24318118245,1029951.05013826,770298.6332593226,1190,1589064600.0,2
0.7839424924970853,1201290144.818573,0.0,34760735.722372025,1004714.7435553649,738817.404794672,1190,1589064900.0,2
0.7783269155835157,859683024.8580315,0.0,18356779.68061393,1054125.9896539242,775497.292447596,1190,1589065200.0,2
0.7834943948601556,851243851.5273896,0.0,18586245.648857716,1058585.5493762835,787524.9364249008,1190,1589065500.0,2
0.8243453308888893,961834202.6161053,0.0,18652750.33120777,3397043.4432162414,2058997.6375301448,1190,1589065800.0,2
0.7826274889675087,856084828.7944616,0.0,18294131.28714437,1070578.1626788122,795964.6296008797,1190,1589066100.0,2
0.7969258282802256,1616102391.418183,0.0,41287086.42629501,1074981.1304714684,802851.3467756114,1190,1589066400.0,2
0.777542681191799,134291650.79585308,0.0,132766.26392378032,1101595.27759473,838202.6801872057,1190,1589066700.0,2
0.7711060211196155,256535940.23750275,0.0,131471.55968270169,1034887.27034335,768780.7717855488,1190,1589067000.0,2
0.789416411622648,1434589060.435785,0.0,36242055.21459989,1059731.628016958,797965.9560121117,1190,1589067300.0,2
0.8018912378328696,1020349712.9597387,0.0,17947041.972117256,1580592.4277709634,1865433.1555311915,1190,1589067600.0,2
0.781391434295891,1900100098.9112825,0.0,18387013.10661616,1037949.8803185724,766161.3914164244,1190,1589067900.0,2
0.7827189566434604,802548046.3683442,0.0,18349992.77135512,1065419.855115809,798943.598990123,1190,1589068200.0,2
0.8169024317019509,1067059311.650453,0.0,21599395.18297894,3325628.768493352,1896524.1237162468,1190,1589068500.0,2
0.8006695806169419,1385637134.0747972,0.0,53617022.30624898,1087879.151895746,792521.0611811195,1190,1589068800.0,2
0.7929059700231955,580085044.9753593,0.0,140579.80803576804,1648458.899280622,1950065.0781568203,1190,1589069100.0,2
0.7905506078814349,1361991489.9460516,0.0,36014229.76437916,1052694.5637397862,783115.6843632995,1190,1589069400.0,2
0.7801105359860097,1165495445.2925045,0.0,18142827.468259014,1012208.7903705322,745839.723645653,1190,1589069700.0,2
0.7650387356100566,270868074.80572915,0.0,3599767.0362718888,1023458.2520880321,763343.6438363469,1190,1589070000.0,2
0.7673401311380629,1103290853.035318,0.0,18474485.60403782,1043830.0984371494,773750.8433049789,1190,1589070300.0,2
0.7879899630389994,813741383.4370817,0.0,18182333.539612196,1625124.1127837275,1898719.6429515316,1190,1589070600.0,2
0.7778431747574723,1633635817.6119814,0.0,36178204.83606125,1031735.2398731331,752545.4482220064,1190,1589070900.0,2
0.7720202057212303,800868528.3614434,0.0,18160405.526789587,1049537.8583861995,780506.6790770078,1190,1589071200.0,2
0.7630536840851346,845437261.9441291,0.0,6816851.262081028,1037744.6753935644,764865.7370429038,1190,1589071500.0,2
0.8033634289565529,1662110835.2032251,0.0,35753352.28887563,1647438.8513270526,1918676.1492049585,1190,1589071800.0,2
0.7704654891738238,1084436165.039371,0.0,18484987.408419523,1049137.2451891352,784168.0813660892,1190,1589072100.0,2
0.7705918412074837,1059820072.3473967,0.0,18091524.336904466,994315.1523709559,726679.4289054137,1190,1589072400.0,2
0.8050591185311551,842751322.3120326,0.0,17997376.790828593,2153100.9099496743,3009240.334694688,1190,1589072700.0,2
0.7707246296475454,1339342031.2823648,0.0,25053887.20177404,1004570.498238218,738843.1881523666,1190,1589073000.0,2
0.7709580685398932,822468413.1208074,0.0,18652751.60715357,1024578.4079718669,758076.3472786798,1190,1589073300.0,2
0.7896891765332562,779593664.1682801,0.0,18106176.934674565,1553422.6398637542,1837693.2350163746,1190,1589073600.0,2
0.7818592867959215,1172352991.368533,0.0,35083415.28035514,1050555.4188502391,783451.3965068017,1190,1589073900.0,2
0.7740768832551741,833686590.9825518,0.0,18268849.917288706,1039723.935000605,772641.0072458091,1190,1589074200.0,2
0.7938385005141708,854632321.5210347,0.0,3689738.9354738463,3246018.4628729317,1864510.710901519,1190,1589074500.0,2
0.7729797899908059,970537677.4642373,0.0,24898349.75231169,1036637.5461942304,769423.5144417463,1190,1589074800.0,2
0.7679497871192759,1363851820.4945335,0.0,18226098.8387728,1024037.8699163779,756316.1572328667,1190,1589075100.0,2
0.7792406579018102,1815034752.4199898,0.0,37239585.69942932,1069289.4583663626,786375.7269740425,1190,1589075400.0,2
0.7612448508377931,279899668.9147129,0.0,128231.87133535561,1037697.8191650695,774548.8256938455,1190,1589075700.0,2
0.7801768343244863,1380863978.5173974,0.0,40223821.48010843,1049767.9751951592,768805.2277029641,1190,1589076000.0,2
0.8013754595409538,1811593240.4773774,0.0,35228565.32164269,1597479.9165452246,1893242.653273208,1190,1589076300.0,2
0.7642511366858878,447244724.4094284,0.0,132181.34500366176,1037789.3544164436,773107.9361633848,1190,1589076600.0,2
0.7704758780439184,1330018208.785667,0.0,18114807.01598325,1037368.7019817659,771982.7823566339,1190,1589076900.0,2
0.7940628720116343,1169959198.2527678,0.0,18033071.399811056,1592951.5088641925,1889215.093794733,1190,1589077200.0,2
0.7748519966965112,1058756264.2920038,0.0,21634301.47699346,1023212.5053760484,741779.3472727948,1190,1589077500.0,2
0.7705044700501711,1056768430.5106605,0.0,18467069.13783349,1034194.5788990272,759811.6103048016,1190,1589077800.0,2
0.7961798724180498,245691820.28661156,0.0,3712332.3445799095,3279041.539554113,1864838.4868475047,1190,1589078100.0,2
0.7934477657678268,1368474271.604717,0.0,54467877.57933423,1026206.2350902831,745021.6958757334,1190,1589078400.0,2
0.7755309949250017,1413226792.2629366,0.0,18475680.58338956,1063361.5762696129,782106.9109327759,1190,1589078700.0,2
0.7704670607684204,813559617.1876414,0.0,9193223.929666758,1059455.6182149327,793661.8467140087,1190,1589079000.0,2
0.775905607880343,1663418578.199176,0.0,35985156.59206286,1020118.0529736222,753855.5550507987,1190,1589079300.0,2
0.805739308020348,856278200.6917794,0.0,18183875.37670363,2152667.0369018614,3020830.956372852,1190,1589079600.0,2
0.7820583101010319,1315515410.6101902,0.0,18360881.088442653,1331267.4841227718,1391741.1954156684,1190,1589079900.0,2
0.7603589432820772,267118669.0645244,0.0,133155.25092400349,1027917.603261536,752004.3535305577,1190,1589080200.0,2
0.7961070491549146,1531340489.1140928,0.0,32475388.591459043,1604437.9580840936,1888875.9869826504,1190,1589080500.0,2
0.7838283369497264,1999136593.4308894,0.0,52541095.07733201,1112963.1873042213,839978.5935550267,1190,1589080800.0,2
0.7631551017731191,226667854.28809187,0.0,136406.3860795943,1058448.265746724,780448.162638051,1190,1589081100.0,2
0.76788048975779,912783633.6803217,0.0,17777452.705602158,1075880.6686612454,784143.6052466668,1190,1589081400.0,2
0.7673650079411442,1011518431.060014,0.0,18013432.501506515,1041480.461326145,776449.4592540959,1190,1589081700.0,2
0.7784962239352199,1321726300.6478055,0.0,35802992.32154238,1029011.163520213,760729.6282199661,1190,1589082000.0,2
0.7675809833076442,779103331.6214545,0.0,18380512.223843303,1082610.6846534065,811291.0251665405,1190,1589082300.0,2
0.7697505215255066,806334899.2277582,0.0,18169191.77433639,1042317.065742983,781312.5149203491,1190,1589082600.0,2
0.7791033627959628,1490684728.3412635,0.0,36417123.96940735,1057004.157331497,780998.6188339094,1190,1589082900.0,2
0.7990055650800927,1735832153.0146616,0.0,35513018.77072585,1631962.746935174,1886927.9555801663,1190,1589083200.0,2
0.772654732771532,840508861.2414278,0.0,17067497.450370647,1029847.2418645192,769740.4127843152,1190,1589083500.0,2
0.7838870421087722,1445673838.103934,0.0,35616989.09447266,998355.5226663572,730110.7517449899,1190,1589083800.0,2
0.7734022947545225,1150896378.356112,0.0,17995338.11195398,1015585.0343118231,750003.7833924042,1190,1589084100.0,2
0.7759302135766047,1084994535.8068695,0.0,18149092.40362388,1001409.1550341644,729102.7751112946,1190,1589084400.0,2
0.7654706268039141,224018955.32719663,0.0,135704.2175137882,1084263.952033927,815378.0574100899,1190,1589084700.0,2
0.781478565019284,1793798584.2053003,0.0,36630795.25841102,1063219.4180236359,783981.5966900174,1190,1589085000.0,2
0.7868283095766648,1080874718.9617348,0.0,36491531.32705693,1071872.205474691,809720.5718157779,1190,1589085300.0,2
0.7724479848656777,802728929.5767468,0.0,17590072.627526686,1062328.2685730678,788190.7121293793,1190,1589085600.0,2
0.7846895249626831,1971777206.9919558,0.0,35117956.99819969,1038828.7778724568,757401.0516896213,1190,1589085900.0,2
0.7957841164639812,866453096.8212048,39662464.06422216,17893372.49798598,1078931.2400868658,807343.2106703595,1190,1589086200.0,2
1.0281919804174808,1688461338.5429215,883530212.6150926,35364868.37219155,1397913.917192028,1463482.2689756928,1190,1589086500.0,2
0.7729459883521443,1069415368.9830974,0.0,18052307.625814456,1053944.946872693,787696.2398988472,1190,1589086800.0,2
0.773984028501723,878323305.6847157,0.0,17823489.345979724,1047036.75240491,786514.3613566954,1190,1589087100.0,2
0.8092469529464387,1365174330.505084,54041699.34743063,36276528.595916346,1054333.918914331,800253.5760087227,1190,1589087400.0,2
1.0373434320084445,193507149.180861,878612653.2168896,134358.544012249,1365216.3515603277,1408377.1186352381,1190,1589087700.0,2
0.8367608357921295,883597939.0763127,193912954.0896581,35861075.78719363,1159980.6191770774,942000.6647957056,1190,1589088000.0,2
0.7841094297163884,1486736778.1812825,0.0,36052002.36862898,1047070.3960762168,773771.3921701936,1190,1589088300.0,2
0.7777522635552665,887021071.5430144,0.0,17845881.508252393,1057880.2566968591,791040.2332024678,1190,1589088600.0,2
0.8045194066735005,761097084.2839963,0.0,18102041.544752814,3326860.1411375236,1899498.7945397373,1190,1589088900.0,2
0.7751324189359923,817430668.0774639,0.0,18104082.69643917,1024482.2455483355,758591.7180557534,1190,1589089200.0,2
0.7826626305749135,1658823330.564679,0.0,35538901.71800584,1051489.1438503324,783839.8045412316,1190,1589089500.0,2
0.7984086001227597,1341028050.9731054,0.0,36144640.15832508,1559950.227681914,1862433.046446684,1190,1589089800.0,2
0.7657823496394339,263387469.08281982,0.0,129258.1728011336,1039018.7094948924,763523.3816454245,1190,1589090100.0,2
0.8248919076972895,1416781971.299398,0.0,53917128.64062132,3274750.604796953,1863920.4198281115,1190,1589090400.0,2
0.7723142025005167,815182124.1596041,0.0,17933836.60315712,1046288.6845350302,786364.7508789791,1190,1589090700.0,2
0.8101568913395157,809140725.7143872,0.0,17755805.77805319,3308851.178435784,1900476.1290586959,1190,1589091000.0,2
0.777958958247173,853659653.0371499,0.0,18291711.044882707,1068027.1909529816,802404.1785162219,1190,1589091300.0,2
0.808173503861662,1044143162.9710072,0.0,18275283.858118463,1573848.3164231242,1858736.7422298098,1190,1589091600.0,2
0.7877747593353277,1404174990.7921922,0.0,36931493.10968659,1063344.6357247485,776793.155577012,1190,1589091900.0,2
0.7958220246188284,1071720878.5383514,0.0,134039.69975493365,3271235.493580707,1857605.9174983285,1190,1589092200.0,2
0.7834375795920012,1407230249.9068196,0.0,36138991.32436749,1023900.6918365884,751409.8521043052,1190,1589092500.0,2
0.790350437023793,1647018272.933385,0.0,52289727.35188878,1043125.8972367988,770340.336074746,1190,1589092800.0,2
0.7768440260520634,1508379341.9985852,0.0,17991132.948563553,1030392.5637481118,747932.3106857412,1190,1589093100.0,2
0.7846960334569738,702329531.9993805,556660.8291598314,18070861.24120782,1073350.432630989,791262.9167039286,1190,1589093400.0,2
0.7794762575425883,1123041713.960119,0.0,18265697.811854027,1032372.8335294535,762684.5096159802,1190,1589093700.0,2
0.7836174419684779,1696106140.977008,0.0,35851737.05594268,1073651.8033671584,803180.4732994655,1190,1589094000.0,2
0.8023361946117871,1112258719.618449,0.0,18249783.14226874,3235766.9702804214,1826037.6544625328,1190,1589094300.0,2
0.7692799700060311,218575012.0541153,0.0,135668.82699008693,1047994.6536323756,773111.1753107305,1190,1589094600.0,2
0.8038931839237552,1531209731.1446571,0.0,36990687.862403184,1548590.2584488862,1842956.3275176068,1190,1589094900.0,2
0.7872499769672299,1500363426.7244089,0.0,35685131.61651077,1061735.998916978,797114.6447411336,1190,1589095200.0,2
0.7832063157095221,785132492.7886097,0.0,17630372.53586971,1054423.5865126112,790148.5906057336,1190,1589095500.0,2
0.7854401755111097,1669428873.1918707,0.0,32166414.37331983,1037915.3555161584,769525.62132643,1190,1589095800.0,2
0.7784437854201898,810835803.4488305,0.0,17953775.311630685,1050839.1538629336,787660.2169656511,1190,1589096100.0,2
0.5196505025533726,161612395.18215528,315.7447902330377,9289893.311624952,1458951.3165138608,1267985.081360716,1190,1589096400.0,2
2.1855475196157097,6266244125.339526,869546014.0292352,42490710.355220586,7129624.045612284,6630223.3578868015,1260,1589061600.0,3
2.203251145726399,7184914045.104955,955437546.0045644,42286164.02147245,6696874.11932384,6589998.465512533,1260,1589061900.0,3
1.7986587051479177,3335416306.7973976,24799415.89725829,5769786.390397585,4876950.063209515,5718454.5193552375,1260,1589062200.0,3
1.8308759300052024,2062020939.9814363,0.0,25683677.477477826,4582970.602134036,5401302.556056919,1260,1589062500.0,3
2.1974412869086533,5287221668.753163,1035848953.0889584,41471048.98484233,5279176.971863321,6739932.030754501,1260,1589062800.0,3
1.896092811733311,4882880663.2226715,206350590.2136601,25146426.188008104,6101308.31664102,8539212.976816015,1260,1589063100.0,3
1.7988758159680602,2836856958.656052,318.41838237700904,25911030.33229491,4738201.493701585,5678111.432544214,1260,1589063400.0,3
1.798615669265005,3919049006.9993296,0.0,7141985.335059132,4676008.878415799,5665642.628293195,1274,1589063700.0,3
2.371505076270917,8909017455.685266,1513506844.8147035,59294743.86051641,5514064.366968738,7135879.399123095,1260,1589064000.0,3
1.8108332486236705,2922640685.341468,0.0,42994873.22397332,4775080.7271334035,5638771.581435437,1260,1589064300.0,3
1.7671415841671947,4375120073.091739,0.0,6117115.651947497,4633658.788977369,5435967.899329117,1260,1589064600.0,3
1.8373988142797175,4710634314.638459,0.0,40617170.9213117,4714778.446081366,5696698.408249848,1260,1589064900.0,3
2.1241465930558925,2738364437.913287,843999354.5738492,25152874.2438666,6454546.29840798,6428312.327051799,1260,1589065200.0,3
1.9482024367584585,3891189803.28444,400102899.1279917,18432096.659127854,6995648.430233307,13973952.975854035,1260,1589065500.0,3
1.7693345210859408,7224179899.756909,0.0,24378207.80742423,5018003.70816315,6015939.479740542,1260,1589065800.0,3
1.7771119233716364,2823716212.7203364,0.0,25185900.484407898,5075199.851370333,5844802.277975479,1260,1589066100.0,3
1.809260547237328,9065900136.041172,0.0,47286210.88533445,4862148.855238915,5634326.418391462,1260,1589066400.0,3
1.7862030716121715,1928096903.009913,0.0,13318470.2013183,5153765.388140263,6055682.778918618,1260,1589066700.0,3
1.7766205154588113,1870329484.086438,331.8296166801688,16728293.709746545,5122968.334613225,6151982.50613292,1260,1589067000.0,3
1.814085555559911,9779454794.71592,0.0,44253135.37756177,4997084.931001771,5787704.532064516,1260,1589067300.0,3
1.7846108325545866,5584703336.627943,0.0,23741512.11389709,5727686.8946015565,7309151.412626596,1260,1589067600.0,3
1.871640903135281,4779015188.25714,96816310.74747916,25962485.403046764,5404254.333949581,6179834.274200888,1260,1589067900.0,3
2.1318476461142506,6320672503.479339,845532597.9284493,23476519.68856414,6824633.267550201,6714618.592807604,1260,1589068200.0,3
1.860653326505692,6562626945.547932,116166617.93106104,42174548.07038388,6063300.753009409,7402798.232324543,1274,1589068500.0,3
1.9067656972778917,8099205237.454263,243196290.86355612,42133086.11043582,6207406.014089528,6953667.079814299,1274,1589068800.0,3
2.0545004842311414,4314193791.49889,585610392.8637831,7433697.11628228,6851793.926988788,9659843.2072413,1260,1589069100.0,3
1.8097499463847742,5961787596.565844,0.0,42925500.78002499,4830335.607938598,5532492.887196921,1260,1589069400.0,3
1.8173942021290068,7098446057.845662,0.0,16045217.200129716,4986708.879696148,5877312.73496816,1260,1589069700.0,3
1.7889050007415863,3614814291.191487,0.0,24768873.51164983,4703846.045399339,5483877.414311643,1260,1589070000.0,3
1.849943775225871,6157984155.875218,0.0,26756935.59217265,6212507.862420985,8027921.156173181,1260,1589070300.0,3
1.8905956914023956,5609198336.919875,332.4590107909058,24337233.208674803,11507237.862435564,9370039.306845024,1260,1589070600.0,3
1.8016847837538588,8097237646.497281,0.0,44152304.92193468,5556085.88584488,7026022.452287157,1260,1589070900.0,3
1.7995376185518366,7917012389.909877,10370186.569822742,23730435.105769306,4838531.559638063,5909660.432808356,1260,1589071200.0,3
2.1141127453873985,964300411.5002227,844556581.8453921,34700607.50061544,5292016.6995603535,6580414.01440334,1260,1589071500.0,3
2.5179861838431195,5505405246.266479,1961473363.8909137,43845495.80747578,5956343.182264677,7929696.116921714,1260,1589071800.0,3
1.8302372865630097,3563089533.5824056,0.0,17644606.89375845,5328562.052658094,6319916.47045395,1260,1589072100.0,3
1.779294851118191,5294048358.608974,0.0,24603043.15696484,4937600.2381188935,6018925.423055091,1260,1589072400.0,3
1.8252246831261627,2112486791.4740808,0.0,25994494.219379406,5581226.767392447,10505865.208503492,1260,1589072700.0,3
1.7922135048455456,6333968118.53324,0.0,41962580.45675491,4630887.727963796,5387846.08355059,1260,1589073000.0,3
1.8176429661725853,5614528452.55832,0.0,26180609.54836349,4886151.77351499,5868495.2519943435,1260,1589073300.0,3
1.8856633556809137,4571370599.8501005,0.0,23898551.90544275,11152208.412164263,8755973.483976502,1260,1589073600.0,3
1.8258725845644,6955622477.999343,0.0,41730031.43814169,5107018.810576645,6147837.226789496,1260,1589073900.0,3
1.7963945761472733,3639120696.0510116,318.388420454034,24985131.349387214,5149228.290609207,6003821.514349898,1260,1589074200.0,3
1.8467350132715343,6396033791.240993,0.0,25114131.48086675,5939386.604910185,7725366.942421804,1260,1589074500.0,3
1.8213665534944845,7518504605.53698,0.0,38646614.80432667,5202498.190949123,6196671.567578556,1260,1589074800.0,3
1.803837781130917,5698296078.707107,0.0,25158369.845025245,4941068.632286762,5815737.85987739,1260,1589075100.0,3
1.847051691364024,4672362625.706615,0.0,24837982.49457737,8035630.378395027,7658599.12538237,1260,1589075400.0,3
1.8274915925275963,4359604149.115719,0.0,7401021.444914913,4958229.532285977,6020336.292263435,1260,1589075700.0,3
1.8121197186818063,8442696903.065574,0.0,59475874.56400792,5504529.54229722,5897838.490356624,1260,1589076000.0,3
1.8243260681273925,4357901848.076444,0.0,41931478.69531573,5456079.610909755,6236134.445299207,1260,1589076300.0,3
1.7996734444565847,6214893050.5892105,0.0,6116393.996743837,5259184.349286933,6201937.265073317,1260,1589076600.0,3
1.8137945379766007,4800846500.149601,0.0,24619532.17757002,5036727.769792808,5971015.541087332,1260,1589076900.0,3
1.8617212487942152,5815005251.1396675,0.0,24221597.73792544,5989197.135011213,7540885.8393501835,1260,1589077200.0,3
1.8114179907328316,6269711507.6243105,0.0,41213528.77555066,5212200.020983436,6128216.5556303365,1260,1589077500.0,3
2.134591819799376,2490687811.367396,855331660.6761099,24374193.38570065,5674479.62534672,6934936.922619541,1288,1589077800.0,3
2.556370348435121,7436338995.2480545,1906869943.595279,25454397.21644983,8658360.52572157,8547584.23225628,1260,1589078100.0,3
1.8355681415845282,6223961982.285219,0.0,60044373.32094255,5162426.130856725,6103024.141152069,1274,1589078400.0,3
2.356884653503836,4272155111.7880526,1491277589.332409,11182105.266440373,5680741.223811016,7290885.970367385,1260,1589078700.0,3
1.808419456448607,6430080105.986499,0.0,23747122.147189945,5824132.531751926,7421035.276022539,1260,1589079000.0,3
1.834409888385032,6488428089.02656,0.0,42806446.027415216,5000370.5602577785,5860245.176590215,1260,1589079300.0,3
1.8163166719349289,4051333271.376735,0.0,23860248.509287816,5050665.684103587,6009660.903139813,1260,1589079600.0,3
1.9520072877696304,5921084722.316461,2882.8014879784623,27399419.357880954,6277219.72265015,18569657.61297455,1260,1589079900.0,3
1.7939428859263657,1187056981.2999947,0.0,5920068.3164630635,4749250.529750638,5521034.640366825,1288,1589080200.0,3
2.2041873466797166,7136382180.653629,1035619284.0770752,43298559.40514942,6667113.0089367535,8952615.151811453,1260,1589080500.0,3
1.807687144253684,6398413891.961883,0.0,58886734.14474303,4795347.193540368,5773237.375321478,1260,1589080800.0,3
1.80424619494296,3994087875.212062,0.0,6998709.121710414,5828166.440090363,7557021.521514271,1260,1589081100.0,3
1.8234344407703884,4724155606.594883,332.27022572891184,24871419.02049991,6161778.174818372,7928753.417625842,1260,1589081400.0,3
1.8076883865539315,5467185013.255043,0.0,25472389.825001,4961623.294754448,5833827.734868373,1260,1589081700.0,3
1.820420951746834,3322189340.779361,0.0,42459632.791064695,5003157.423835434,5946905.721911145,1260,1589082000.0,3
1.8517260361095105,4549271185.840452,0.0,25324319.98788297,5086294.162601401,6301590.842211156,1260,1589082300.0,3
1.7839639692413007,3449901612.0666714,0.0,23430016.404713586,5117056.025638982,6026017.948622078,1260,1589082600.0,3
1.9725725135931649,4638602271.58825,310883555.749869,43886313.63965619,5571817.472445774,6715615.90963307,1260,1589082900.0,3
2.185805622601264,4782547981.896725,911862550.039076,23727634.795206197,6076175.501012473,6742227.374897348,1260,1589083200.0,3
1.835831695693704,5211476311.020974,34.96431863966948,24945564.23102125,5009193.782689326,5832061.928062327,1260,1589083500.0,3
1.8017392978301459,3185483829.067536,0.0,42958913.86296026,5389955.551522573,6205182.540270719,1260,1589083800.0,3
1.8217563472772051,5756679477.429365,0.0,24773499.68865871,4716682.819396099,5673712.011128489,1260,1589084100.0,3
1.7948162084134809,4956175409.526093,0.0,23915111.70077699,6002764.088244329,7554927.73688455,1260,1589084400.0,3
1.825729137802816,3795569690.3743477,0.0,11484099.70940903,5419217.394933972,6283691.35536304,1260,1589084700.0,3
1.8321521370080636,4483635611.26656,317.8370872557228,41899180.0409492,4746897.6326614255,5570396.1037520515,1260,1589085000.0,3
1.8311648344353608,4515224259.711109,0.0,43118158.48648412,5151263.941369654,6092854.923578871,1260,1589085300.0,3
1.8162237068146088,7145408267.9280405,0.0,23814267.56619861,5560305.099550491,7260317.456929256,1260,1589085600.0,3
1.7774169853799338,2891941375.029749,0.0,37860020.96484958,6236654.543098733,6644616.109270329,1260,1589085900.0,3
2.2992475869789613,6592843529.072079,1358344486.1839516,23800699.62209506,5553601.057296494,7043991.514490351,1260,1589086200.0,3
1.820809224260999,1974756606.9739704,0.0,17929343.031531505,5095718.825149338,6006927.473244585,1260,1589086500.0,3
1.8050904738224245,4390782311.227297,0.0,24171514.03110843,5095344.420658,6022428.900765953,1260,1589086800.0,3
1.7917301748942318,4704853637.141211,16.825086466813993,25269612.046718284,5414542.383670691,11104927.824062334,1260,1589087100.0,3
1.7894178245918404,2500794399.7096467,0.0,44349447.25028366,5206316.5681585055,6171362.877292972,1260,1589087400.0,3
2.1759216485802737,4248255807.026781,850938100.0158303,7507112.032484964,7106048.698276836,7070682.797219767,1260,1589087700.0,3
1.9195873334729088,7572950870.613323,231049010.61152965,46757705.70828467,5642703.215904683,6117491.044428428,1260,1589088000.0,3
1.7965335794704609,5547870868.018268,0.0,38748538.74454959,5053840.835786278,5882200.848735456,1260,1589088300.0,3
1.8098886224980903,5132302386.877397,318.3584641691279,23908719.12356429,4978625.619081464,5824771.2734674215,1260,1589088600.0,3
1.8001166483596782,3452477732.4546127,0.0,23366592.134335443,5675328.348237797,7303230.427640158,1260,1589088900.0,3
1.7736453843690612,4800931547.414153,0.0,20475717.494277425,5033912.944638044,5911475.171824172,1260,1589089200.0,3
1.843178697072256,4691838402.018345,0.0,45786339.8830441,5080762.80755494,5762847.248483403,1260,1589089500.0,3
1.7767803575898706,6044465801.235621,0.0,20067568.518881805,5004607.245058265,5961621.082445718,1260,1589089800.0,3
1.8048590539081792,2865225526.1975245,0.0,7234411.82579218,4998646.575890684,5793293.29789218,1260,1589090100.0,3
1.81582562480659,6449041690.971037,0.0,60940858.57884997,5217393.123005795,6165268.324008168,1260,1589090400.0,3
1.8296497902480664,5146648347.889279,0.0,24757775.92955807,5016357.104007638,6028445.427494952,1260,1589090700.0,3
1.8547762605949072,5978162010.440466,0.0,24390918.630791824,5811359.8456015615,7400249.237690841,1260,1589091000.0,3
1.8322849210502303,7196319660.161778,0.0,35195420.88486803,5558533.549288847,6412228.952077173,1260,1589091300.0,3
1.7969384329665619,4469933933.530665,0.0,24317565.22315608,5265489.2630349565,6120059.707520946,1260,1589091600.0,3
1.859047532260576,10507154468.969135,0.0,42502057.84899484,5844729.26948654,7505790.998954044,1260,1589091900.0,3
1.827539504620496,1773412266.6157703,332.3156281091606,5926516.045492189,4880987.038120842,5631654.172578718,1260,1589092200.0,3
1.8321481510939643,5965015103.489448,0.0,43246482.53103525,5044998.69891627,5838535.851064582,1260,1589092500.0,3
1.9419720995632181,6508836319.989323,0.0,42864953.30516191,5518305.034948266,6973193.494121365,1260,1589092800.0,3
1.86201388276382,2728823855.664892,0.0,6922819.701881777,5620013.230750802,5994961.118966632,1260,1589093100.0,3
1.848592933155245,3929911717.7535367,305133.05181981856,24132207.19869643,5033802.651708668,5851115.428474034,1260,1589093400.0,3
1.8784448617806475,4607842845.698297,0.0,23792369.892917205,8309084.464276438,7704093.751068029,1260,1589093700.0,3
1.830901270774548,5308687282.081812,0.0,41877051.79819883,5134991.268441467,6149311.125153576,1260,1589094000.0,3
1.790538456086795,3646381623.735336,0.0,6664833.79578949,5462826.320496844,7737779.822796425,1260,1589094300.0,3
1.8251604273301825,9504958648.953426,0.0,6377755.380143788,5487974.278421679,6329507.5422188975,1260,1589094600.0,3
1.8573471089361135,6013148494.323095,0.0,43137978.77895757,6072866.760162648,7756081.98395759,1260,1589094900.0,3
1.8288140778589368,7028571367.063029,0.0,40351086.00860502,5303291.011216803,6194237.385927282,1260,1589095200.0,3
1.8074233708865384,3667770945.120281,0.0,20963952.819721203,5402546.379246782,6386851.720196025,1260,1589095500.0,3
1.8211158706302848,5241525054.2078285,331.7546454772937,23921917.23150327,5432844.117734437,6446609.180293057,1260,1589095800.0,3
1.8306945363267524,3533947445.70291,0.0,22951885.327584986,5698258.132137408,7286991.7715457175,1260,1589096100.0,3
0.9631101254154342,4184085.772828045,316.0737176212301,1542244.1816261006,4294677.113502039,3804507.3855362083,1260,1589096400.0,3
0.8170119477328743,2024540179.627079,767047389.3530905,208115.93968247573,1999332.2533597944,2285559.4252995057,1190,1589061600.0,0
0.5665469053389007,1494267682.3658464,0.0,345308.05914049264,2366858.93774298,2382252.3264838303,1190,1589061900.0,0
0.5982953413212626,757087189.5610111,0.0,192374.6141171472,3849831.8948816257,2725364.016264196,1190,1589062200.0,0
0.5579938068542969,826156097.586484,0.0,333515.9279526506,2440886.3964986056,2449727.929558516,1190,1589062500.0,0
0.9473672329982468,52841376.66293233,1033969041.778481,280695.3461120106,2692761.1555631207,3090523.1720981607,1190,1589062800.0,0
0.6781267068684518,806657344.9380131,162049124.36660218,214528.53595141013,6297346.250125714,4081445.5609295405,1190,1589063100.0,0
0.5583045735244229,1481643222.309338,0.0,336620.3377483524,2460000.0338393087,2469504.0476222667,1190,1589063400.0,0
0.5608381215278678,917950688.0955235,0.0,347275.00338778784,2456778.585975015,2470158.6278264546,1204,1589063700.0,0
1.1121704590229358,770575240.0343148,1537873072.4871256,301564.02334381285,2651188.3544136607,3211526.9129300592,1190,1589064000.0,0
0.5594753482591959,731330487.2649765,0.0,115101.69549088205,1134979.4671965046,1144432.2361652171,1190,1589064300.0,0
0.5630442282830778,959202275.3806278,0.0,319584.3543130732,2300358.666426888,2313940.5045838733,1190,1589064600.0,0
0.5675235974382449,1626340179.873175,0.0,386009.82648949727,2545821.8855893067,2560632.459165137,1190,1589064900.0,0
0.5616605030573923,1094320760.3686657,0.0,351564.6225915932,2364246.0232588626,2382363.8644198854,1190,1589065200.0,0
0.5652028598918867,917342988.3054373,4780.531724859387,734264.9860325364,2602849.545133952,2647973.1292383717,1190,1589065500.0,0
0.5663431583275649,756278781.3132353,0.0,376889.48692942923,2468671.729145864,2487495.645255864,1190,1589065800.0,0
0.5631147823293641,2038235964.2446802,0.0,136080.59960110625,1285121.5670340569,1300489.6077593986,1190,1589066100.0,0
0.5709735621486567,991779308.4014776,322.46222181708185,328569.5769794379,2332894.486211181,2351076.000482058,1190,1589066400.0,0
0.5581114681706406,1224459168.4507065,0.0,239164.77590673108,1793358.3170119291,1807867.5777724818,1190,1589066700.0,0
0.5666856979992944,2244906174.9382734,0.0,236811.26925494772,1900548.2311794516,1915152.3600140815,1190,1589067000.0,0
0.5678374861230637,1204248582.8275485,0.0,86751.56606509867,1085059.2574186437,1101866.9966585205,1190,1589067300.0,0
0.5845354371670536,1762396730.290315,0.0,338058.5671295275,2802358.04240642,3371215.931290065,1190,1589067600.0,0
0.5670197299537272,1126591043.5315328,0.0,270024.2822249806,1907184.4840016172,1921880.5813635625,1190,1589067900.0,0
0.5545965755204795,181439798.45145333,0.0,168178.92583584882,1533878.596717611,1543015.3093019724,1190,1589068200.0,0
0.5585605040289092,1264080478.244246,0.0,160499.1032828972,1537173.5574122884,1544395.734252866,1190,1589068500.0,0
0.5644596372292627,781713726.5673583,0.0,46857.63725693962,970567.935933512,972036.5597618887,1190,1589068800.0,0
0.6227488602785844,919415114.6158429,0.0,274763.3406154246,5014643.988993482,4440242.911331343,1190,1589069100.0,0
0.5564729230372523,1454079970.3938985,0.0,133686.20095865752,1245537.8848771576,1254771.5681357177,1190,1589069400.0,0
0.5590404002705069,1475127040.9176247,0.0,221502.78039480254,1793255.1890373589,1802773.1729442645,1190,1589069700.0,0
0.5650575973926724,1330177633.643966,322.42347911108163,184148.7424263279,1584374.2492981472,1599971.9639921568,1190,1589070000.0,0
0.5621183567446368,1321552664.7694106,0.0,71240.09260191943,1059137.5519734798,1069197.5198321848,1190,1589070300.0,0
0.5597867556345609,777412615.4231293,0.0,198092.47111462773,1659765.6130862103,1669010.965406892,1190,1589070600.0,0
0.5828759801376491,925859910.9568137,0.0,185657.71506791786,3600148.1905118013,2598614.662774112,1190,1589070900.0,0
0.5607764120976965,1350860861.5748868,0.0,308582.17403287784,2199645.853307621,2210683.4968195558,1204,1589071200.0,0
0.9255670671329852,34256511.30205297,843818811.9919376,194057.3713971673,2956479.895124137,2328883.481759676,1190,1589071500.0,0
0.7173654902714655,1410289097.894282,310913000.97451466,355714.2223685701,4267244.596021627,3336056.2950215414,1190,1589071800.0,0
0.5648692783079899,1409895011.4299912,0.0,153508.91244735668,1353533.531145387,1370255.583635907,1190,1589072100.0,0
0.5619560389484344,1475441130.8775098,0.0,244267.8106050224,1715619.0207051414,1733289.3468520588,1190,1589072400.0,0
0.5644738484731014,369689628.04254067,0.0,409306.79513703607,3436160.987763305,3480191.7934360565,1190,1589072700.0,0
0.5678498302629498,1038309817.5162977,0.0,235661.1730223515,1812367.205189164,1830353.9802482831,1190,1589073000.0,0
0.5620562696303188,721885560.0213815,0.0,162872.73841912366,1502796.0182411291,1512791.6361832959,1190,1589073300.0,0
0.5616743341409821,1571849063.770853,322.41412881816564,363801.40322986944,2310202.9086369304,2323705.62180877,1190,1589073600.0,0
0.5609158026366624,1804426893.265199,0.0,202234.81876321483,1674495.9342665658,1684021.542683693,1190,1589073900.0,0
0.5577227014194661,1241199919.5532026,0.0,153635.95552951065,1523101.1226337226,1531072.0507466162,1190,1589074200.0,0
0.5550105037468965,36747032.407401584,0.0,149671.31538403276,1555235.7176650425,1564692.8786749218,1190,1589074500.0,0
0.5608237050878786,1493534553.1411095,0.0,145336.72676774452,1489284.2527236715,1496504.788925599,1190,1589074800.0,0
0.5607457447332617,1333730111.6566148,0.0,120717.61208368295,1322182.0444308813,1329363.9338712804,1218,1589075100.0,0
1.137854063160991,212922159.0271533,1546250512.8036456,40554.46574306715,3219492.2939337343,2147411.9123864127,1190,1589075400.0,0
0.5489801092241651,1086571691.5378585,0.0,198212.6770946696,1727168.5660105434,1733947.8330686374,1190,1589075700.0,0
0.5611984987625129,791242569.459876,0.0,165233.42143800846,1587499.4411884774,1587343.0591644512,1190,1589076000.0,0
0.5912362445861705,628390627.5841383,0.0,34409.682074766984,3181831.8930645813,2042161.9638108688,1190,1589076300.0,0
0.5540292273618225,362024097.7039351,0.0,37166.67141213469,963819.4206499528,970011.2807795723,1190,1589076600.0,0
0.5560777672691145,770501160.1712332,0.0,147669.2144170644,1353026.2310477109,1361045.985130961,1190,1589076900.0,0
0.5694822917581702,656507117.8928496,322.4007721975732,172316.71328364554,1581501.295572952,1591136.0359208146,1190,1589077200.0,0
0.5599292376559329,1327012269.882386,0.0,184799.19076227274,1559378.9048827572,1567672.2831388775,1190,1589077500.0,0
0.8616044076601064,1382835966.3318734,888309859.1923945,187091.88174660367,1889082.762794259,2220152.507685713,1190,1589077800.0,0
0.7251366203321862,1017029047.1756043,463339752.77601415,133441.7526291876,1545880.8271672262,1707924.1731254966,1204,1589078100.0,0
0.8939878626529004,796201962.2476118,898459990.8249065,202490.88517126325,2135165.8985487497,2529762.3113297825,1204,1589078400.0,0
1.0943432146883092,51900049.89872432,1517539842.5464873,184967.7705282871,3881768.146644102,2759907.676886324,1190,1589078700.0,0
0.6000413086221129,1491235567.048657,0.0,56091.46946019292,3279957.0276224636,2162840.783150422,1190,1589079000.0,0
0.5486291525598886,1554848320.8571458,0.0,234759.8694901911,1665360.3312330574,1674943.1359770838,1190,1589079300.0,0
0.6351863571809532,773182137.2382387,0.0,242616.70243320952,6229303.812663953,4002675.3309170143,1190,1589079600.0,0
0.6007383083651898,766198244.2452775,0.0,1499412.6386489458,9264801.420399556,8126513.733357081,1190,1589079900.0,0
0.5982350141102554,1043878517.9169217,0.0,202532.13669655906,3310668.666938018,2467134.938983146,1190,1589080200.0,0
0.5617465134460587,779630542.7190127,0.0,241528.28331655968,1913580.6221281618,1922181.4545167687,1204,1589080500.0,0
0.9384516334891612,1062547673.3852493,1063631146.3969448,202092.9048574398,2028235.546127891,2441640.9377452014,1190,1589080800.0,0
0.7740430039760845,612002964.4238702,416366383.37053615,192810.47340850253,4134418.7718650457,3190871.827503986,1190,1589081100.0,0
0.8865084535903773,151541567.8261622,874822223.5926621,134508.15098439064,1626058.4876472848,1961350.318810117,1190,1589081400.0,0
0.5640535952273077,892612496.0157645,0.0,233434.8728110057,1780741.983595434,1795250.270511641,1190,1589081700.0,0
0.5599785876604227,987466767.3465909,0.0,125936.80588600293,1382982.861575647,1393439.9636725134,1190,1589082000.0,0
0.5937165723641179,1179320845.5492065,0.0,154951.1041112538,2526128.4346931125,1991008.656117946,1190,1589082300.0,0
0.5636221897765777,932453788.8014256,0.0,194525.91145435843,1635851.520430262,1649801.089014147,1190,1589082600.0,0
0.5647179367476514,365651863.67515916,0.0,110346.18449667076,1195411.974175127,1204299.9014993059,1190,1589082900.0,0
0.5733201396649124,1550094723.0593295,0.0,114632.48702831425,1176044.6487747766,1185132.4494743994,1190,1589083200.0,0
0.5632849624851699,176862797.4345603,0.0,217274.69668124086,1639020.840764215,1659510.984874816,1190,1589083500.0,0
0.5604281961014851,1363635052.1643028,0.0,281856.16960833647,2033867.7418715602,2052042.3004132982,1190,1589083800.0,0
0.5625767693950494,1541996368.5400276,0.0,336527.1768673434,2146558.89025042,2163858.3212382714,1190,1589084100.0,0
0.5886241073716177,883473888.748056,322.4488612115864,118237.49020429092,1769441.1762941203,2388331.7663664864,1190,1589084400.0,0
0.5671838826233757,1684023708.904915,0.0,136397.36693541805,1296073.7727414866,1312568.0017927557,1190,1589084700.0,0
0.5656872760307514,1266123476.7089472,0.0,222338.99232949386,1802731.921000962,1814249.3040304128,1190,1589085000.0,0
0.561051918030319,812928960.0747273,0.0,64878.49502180999,1014839.4993065073,1026460.9666246562,1190,1589085300.0,0
0.5823152802722129,465038550.8191847,0.0,235964.7586965611,2405669.708427055,2939471.2974902005,1204,1589085600.0,0
0.7053797210691555,775081258.3237933,342202599.973652,349144.9802275932,2804160.3960847105,2568750.8089415217,1246,1589085900.0,0
1.242340535806247,954327905.5464512,1857179594.2888136,201886.4082563223,4409420.293533105,3035284.5333740124,1218,1589086200.0,0
0.980163039013884,161786015.24290782,1123242742.740688,98560.63206641316,2803849.1818058942,1981142.5648580985,1190,1589086500.0,0
0.5561733451719193,1512824344.6526122,0.0,132722.6778865248,1315481.4190749044,1323830.5956196177,1190,1589086800.0,0
0.562448390727302,1059775490.7916244,1062.729639022104,459428.6306148995,3371683.848031892,3396498.2472964227,1190,1589087100.0,0
0.5647127013744566,769201917.4212731,0.0,202297.17249105245,1818069.2781384303,1826853.3375140612,1190,1589087400.0,0
1.1044548658978717,48725724.63115392,1528519397.551219,131521.05674124626,2031131.9551137139,2600004.4970436892,1190,1589087700.0,0
0.5602428093375369,872803184.3918092,322.3914232215944,211215.33583157996,1813325.9740491784,1825682.517413069,1190,1589088000.0,0
0.5983741707383139,726989320.1508781,0.0,192457.19020656927,3441636.148212902,2561235.8300917423,1190,1589088300.0,0
0.5672161168884706,681513741.2522973,0.0,204366.98825688878,1655898.5291088237,1669826.5151430927,1190,1589088600.0,0
0.5632248071523914,2128392852.135463,0.0,214960.65628829255,1751055.2231527555,1767131.8095702576,1190,1589088900.0,0
0.5616029302462828,959217413.5609789,0.0,127832.65596676547,1336397.080891066,1350084.2717751751,1190,1589089200.0,0
0.5634412053637705,1483309988.7987964,0.0,135352.36034654366,1409500.2984045725,1421647.3264997404,1190,1589089500.0,0
0.5617994408630071,655961313.3208741,0.0,114243.47395667965,1223836.7772409823,1239214.4404923837,1190,1589089800.0,0
0.5641622029620137,1060663906.1227547,0.0,160606.33731959187,1481789.7082523722,1487508.218288084,1190,1589090100.0,0
0.5624729144931566,1534743164.3868444,0.0,227409.7776568982,1801805.0957989816,1808762.814765371,1190,1589090400.0,0
0.5579432645610809,1520011235.6973915,0.0,274521.61289809324,2100761.1124115703,2107297.9467863543,1190,1589090700.0,0
0.571420276983144,1540400080.1945562,0.0,293452.26025706524,2192659.375669585,2200352.7067525787,1190,1589091000.0,0
0.5644363003834668,1522895176.1127315,0.0,53764.268485698994,969164.7078320985,976763.3146902504,1190,1589091300.0,0
0.5882777957850324,329576210.99530554,322.45554137593837,55924.316346271604,1536763.2140399332,2115040.8852628097,1190,1589091600.0,0
0.5545063525741726,1272466754.870661,0.0,303599.9191799381,2150614.341525212,2158776.013079244,1190,1589091900.0,0
0.5818534144451857,1517158572.2491238,0.0,326413.0831026451,2829169.2674215767,3361141.5090975235,1190,1589092200.0,0
0.5650301741225883,1506353278.3827848,0.0,157048.31061990926,2009774.4959676238,2600133.761642789,1190,1589092500.0,0
0.5604191387220039,639251606.1068026,0.0,87633.19544416542,1068971.9169931044,1083541.8764470676,1190,1589092800.0,0
0.5834460186816657,283838535.78611165,0.0,203701.19116020045,2192826.255018399,2762457.177738515,1190,1589093100.0,0
0.5680085409726036,974032190.7244117,0.0,303337.17569928337,2097277.2099771467,2121479.3548536515,1190,1589093400.0,0
0.5828304584104904,1025297684.4849967,0.0,301365.42801715684,2488534.298403934,3067945.313167991,1190,1589093700.0,0
0.5592482623975694,533404965.16494673,0.0,264121.30513376987,1925694.1964933297,1946222.85730197,1190,1589094000.0,0
0.5822029584559121,1358984144.9479086,0.0,753597.5244311083,5110961.2033660095,5696644.908489464,1190,1589094300.0,0
0.550127085628263,891896940.1476889,0.0,189996.6580294552,1536276.165864237,1552215.428072815,1190,1589094600.0,0
0.55501537623509,948233958.9296676,0.0,105314.61606935725,1256924.5598804923,1263738.5325371798,1190,1589094900.0,0
0.5557686263968923,39572289.59152041,322.4608857067091,231904.58483793886,1976178.595520006,1989616.484952005,1190,1589095200.0,0
0.6106702727484874,1995179678.4559495,0.0,10114786.420111964,1597027.4176733373,1603732.5725592475,1190,1589095500.0,0
0.5639516941679239,774695214.1750742,0.0,190576.35433579492,1687665.7909888981,1699842.8967933955,1190,1589095800.0,0
0.5918016987505037,938666060.332098,0.0,318389.81426023674,4516061.35511051,3397466.386344689,1190,1589096100.0,0
0.4783102547190259,914433826.300325,7280249.779214554,315820.6968237173,1025199.6765060236,983835.0906066422,1190,1589096400.0,0
